index,path,filename,extension,size_mb,md5,title_guess,author_guess,language_guess,category_guess,native_words_est,html_docs,images_seen,duplicate_status,duplicate_reason,recommended_action,priority
1,"C:\Users\New\Documents\Libros epub\11 texts to make her wet in excitement (Masculinitylibrary.sk, 1lib.sk, z-lib.sk) es-419 - Desconocido.epub","11 texts to make her wet in excitement (Masculinitylibrary.sk, 1lib.sk, z-lib.sk) es-419 - Desconocido.epub",.epub,0.137,df6cbac528fbcef354b6ea4902db888f,"11 texts to make her wet in excitement (Masculinity Rediscovered) (z-library.sk, 1lib.sk, z-lib.sk) es-419",Desconocido,es,text_game,3054,4,3,duplicate,hash_md5 already exists in books_index.sqlite,skip,low
2,"C:\Users\New\Documents\Libros epub\150_ Best Tinder Pick Up Lines To FINALLY Make Her Answer You - Felipe, Jacob.epub","150_ Best Tinder Pick Up Lines To FINALLY Make Her Answer You - Felipe, Jacob.epub",.epub,0.668,a665c34544ee2f0a0751d8d8faa057d0,150+ Best Tinder Pick Up Lines To FINALLY Make Her Answer You,"Felipe, Jacob",es,text_game,2409,2,16,duplicate,hash_md5 already exists in books_index.sqlite,skip,low
3,C:\Users\New\Documents\Libros epub\43 mensajes de texto sex - Darlene Dion.epub,43 mensajes de texto sex - Darlene Dion.epub,.epub,3.754,0c0e76e42de1fb764d9bedeb49cb5918,43 mensajes de texto sex,Darlene Dion,es,pendiente_revision,2676,3,139,duplicate,hash_md5 already exists in books_index.sqlite,skip,low
4,C:\Users\New\Documents\Libros epub\52-First-Dates.epub,52-First-Dates.epub,.epub,0.194,e45ed0d15f19db72fae6e5b056641665,52 First Dates | Part 2: A Dating Memoir & Handbook,Unknown,es,text_game,8768,3,1,duplicate,hash_md5 already exists in books_index.sqlite,skip,low
5,"C:\Users\New\Documents\Libros epub\Approach and Talk to Women Easily The How to Talk to Girls Masterclass (Craig Beck) (z-library.sk, 1lib.sk, z-lib.sk).epub","Approach and Talk to Women Easily The How to Talk to Girls Masterclass (Craig Beck) (z-library.sk, 1lib.sk, z-lib.sk).epub",.epub,0.178,c2d367577d2eca5e324e4dfe6b246e6c,Approach and Talk to Women Easily: The How to Talk to Girls Masterclass,"Beck, Craig",en,seduccion_general,9517,1,3,new,,translate_to_latam_then_ingest_then_qa,high
6,"C:\Users\New\Documents\Libros epub\Atomic Attraction The Psychology of Attraction (Christopher Canwell) (z-library.sk, 1lib.sk, z-lib.sk).epub","Atomic Attraction The Psychology of Attraction (Christopher Canwell) (z-library.sk, 1lib.sk, z-lib.sk).epub",.epub,0.236,0aa32116bcbff97f81bdfa5467624bf6,Atomic Attraction: The Psychology of Attraction,Christopher Canwell,en,seduccion_general,7828,65,1,new,,translate_to_latam_then_ingest_then_qa,high
7,"C:\Users\New\Documents\Libros epub\Be Irresistible (Dominic Mann) (z-library.sk, 1lib.sk, z-lib.sk).epub","Be Irresistible (Dominic Mann) (z-library.sk, 1lib.sk, z-lib.sk).epub",.epub,0.203,24e9ad10f4724f569278caf529a40265,Attract Women: Be Irresistible: How to Effortlessly Attract Women and Become the Alpha Male Women Can’t Resist (Dating Advice for Men to Attract Women),"Mann, Dominic",en,psicologia_femenina,8872,1,3,new,,translate_to_latam_then_ingest_then_qa,high
8,C:\Users\New\Documents\Libros epub\books_kb\.venv\Lib\site-packages\aiohttp-3.14.1.dist-info\licenses\LICENSE.txt,LICENSE.txt,.txt,0.011,93233a096fd7c2fd465c215caea23297,LICENSE,Desconocido,en,comunicacion,1606,1,0,new,,manual_review_language_category,medium
9,C:\Users\New\Documents\Libros epub\books_kb\.venv\Lib\site-packages\aiohttp-3.14.1.dist-info\top_level.txt,top_level.txt,.txt,0.0,3f2e08e98e2f74684b61aa4ac7d5a037,top_level,Desconocido,unknown,pendiente_revision,1,1,0,new,,manual_review_language_category,medium
10,C:\Users\New\Documents\Libros epub\books_kb\.venv\Lib\site-packages\aiosignal-1.4.0.dist-info\top_level.txt,top_level.txt,.txt,0.0,f23d72ede8fa99a9f65f5004bd3f1f0a,top_level,Desconocido,unknown,pendiente_revision,1,1,0,new,,manual_review_language_category,medium
11,C:\Users\New\Documents\Libros epub\books_kb\.venv\Lib\site-packages\annotated_doc-0.0.4.dist-info\entry_points.txt,entry_points.txt,.txt,0.0,1620e8d4506e2164172aac04e5659291,entry_points,Desconocido,unknown,pendiente_revision,2,1,0,new,,manual_review_language_category,medium
12,C:\Users\New\Documents\Libros epub\books_kb\.venv\Lib\site-packages\anyio-4.14.1.dist-info\entry_points.txt,entry_points.txt,.txt,0.0,b5e037147bc565eba99a2f4142dd7990,entry_points,Desconocido,unknown,pendiente_revision,4,1,0,new,,manual_review_language_category,medium
13,C:\Users\New\Documents\Libros epub\books_kb\.venv\Lib\site-packages\anyio-4.14.1.dist-info\top_level.txt,top_level.txt,.txt,0.0,ed5a97064b32e2de132a87802c6ef7f7,top_level,Desconocido,unknown,pendiente_revision,1,1,0,new,,manual_review_language_category,medium
14,C:\Users\New\Documents\Libros epub\books_kb\.venv\Lib\site-packages\bcrypt-5.0.0.dist-info\top_level.txt,top_level.txt,.txt,0.0,4b920934ff1e80c39b555f00e313a8c1,top_level,Desconocido,unknown,pendiente_revision,1,1,0,new,,manual_review_language_category,medium
15,C:\Users\New\Documents\Libros epub\books_kb\.venv\Lib\site-packages\build-1.5.0.dist-info\entry_points.txt,entry_points.txt,.txt,0.0,9c4467c9649dd629acf6ae6b7b82ef32,entry_points,Desconocido,unknown,pendiente_revision,12,1,0,new,,manual_review_language_category,medium
16,C:\Users\New\Documents\Libros epub\books_kb\.venv\Lib\site-packages\certifi-2026.6.17.dist-info\top_level.txt,top_level.txt,.txt,0.0,5ebd7f7c387ebb31c14e3c701023ac97,top_level,Desconocido,unknown,pendiente_revision,1,1,0,new,,manual_review_language_category,medium
17,C:\Users\New\Documents\Libros epub\books_kb\.venv\Lib\site-packages\charset_normalizer-3.4.7.dist-info\entry_points.txt,entry_points.txt,.txt,0.0,946b4fcd3fcface4499fbdd19855ffaf,entry_points,Desconocido,unknown,pendiente_revision,5,1,0,new,,manual_review_language_category,medium
18,C:\Users\New\Documents\Libros epub\books_kb\.venv\Lib\site-packages\charset_normalizer-3.4.7.dist-info\top_level.txt,top_level.txt,.txt,0.0,dfaac83899949704ff63bb5b50d92758,top_level,Desconocido,unknown,pendiente_revision,2,1,0,new,,manual_review_language_category,medium
19,C:\Users\New\Documents\Libros epub\books_kb\.venv\Lib\site-packages\chromadb-1.5.9.dist-info\entry_points.txt,entry_points.txt,.txt,0.0,f28ed951f4ac7737400171721d690d5f,entry_points,Desconocido,unknown,pendiente_revision,6,1,0,new,,manual_review_language_category,medium
20,C:\Users\New\Documents\Libros epub\books_kb\.venv\Lib\site-packages\chromadb\telemetry\README.md,README.md,.md,0.001,f20a9707a8493220af104f71680720a6,README,Desconocido,en,pendiente_revision,81,1,0,new,,manual_review_language_category,medium
21,C:\Users\New\Documents\Libros epub\books_kb\.venv\Lib\site-packages\chromadb\test\distributed\README.md,README.md,.md,0.0,c41665b6eaef51b1e027c9385d6f7c66,README,Desconocido,en,pendiente_revision,38,1,0,new,,manual_review_language_category,medium
22,C:\Users\New\Documents\Libros epub\books_kb\.venv\Lib\site-packages\chromadb\utils\embedding_functions\schemas\README.md,README.md,.md,0.002,35c624d7a917ffe754c74eb1abe41041,README,Desconocido,en,pendiente_revision,226,1,0,new,,manual_review_language_category,medium
23,C:\Users\New\Documents\Libros epub\books_kb\.venv\Lib\site-packages\click-8.4.2.dist-info\licenses\LICENSE.txt,LICENSE.txt,.txt,0.001,1fa98232fd645608937a0fdc82e999b8,LICENSE,Desconocido,en,pendiente_revision,220,1,0,new,,manual_review_language_category,medium
24,C:\Users\New\Documents\Libros epub\books_kb\.venv\Lib\site-packages\colorama-0.4.6.dist-info\licenses\LICENSE.txt,LICENSE.txt,.txt,0.001,b4936429a56a652b84c5c01280dcaa26,LICENSE,Desconocido,en,pendiente_revision,221,1,0,new,,manual_review_language_category,medium
25,C:\Users\New\Documents\Libros epub\books_kb\.venv\Lib\site-packages\durationpy-0.10.dist-info\top_level.txt,top_level.txt,.txt,0.0,8da760535ef9e5fb216627d205e29f14,top_level,Desconocido,unknown,pendiente_revision,1,1,0,new,,manual_review_language_category,medium
26,C:\Users\New\Documents\Libros epub\books_kb\.venv\Lib\site-packages\ebooklib-0.18.dist-info\licenses\AUTHORS.txt,AUTHORS.txt,.txt,0.001,317ce5b62b7f0e2a95b0ee1388d846fc,AUTHORS,Desconocido,de,pendiente_revision,72,1,0,new,,manual_review_language_category,medium
27,C:\Users\New\Documents\Libros epub\books_kb\.venv\Lib\site-packages\ebooklib-0.18.dist-info\licenses\LICENSE.txt,LICENSE.txt,.txt,0.033,73f1eb20517c55bf9493b7dd6e480788,LICENSE,Desconocido,en,comunicacion,5547,1,0,new,,manual_review_language_category,medium
28,C:\Users\New\Documents\Libros epub\books_kb\.venv\Lib\site-packages\ebooklib-0.18.dist-info\top_level.txt,top_level.txt,.txt,0.0,25e48349f10aab4fd49e77ef072b3de0,top_level,Desconocido,unknown,pendiente_revision,1,1,0,new,,manual_review_language_category,medium
29,C:\Users\New\Documents\Libros epub\books_kb\.venv\Lib\site-packages\flatbuffers-25.12.19.dist-info\top_level.txt,top_level.txt,.txt,0.0,31893f57be084e66f3ba4ee864072a68,top_level,Desconocido,unknown,pendiente_revision,1,1,0,new,,manual_review_language_category,medium
30,C:\Users\New\Documents\Libros epub\books_kb\.venv\Lib\site-packages\frozenlist-1.8.0.dist-info\top_level.txt,top_level.txt,.txt,0.0,8e0dbd99fb6fca908d940949d4dad235,top_level,Desconocido,unknown,pendiente_revision,1,1,0,new,,manual_review_language_category,medium
31,C:\Users\New\Documents\Libros epub\books_kb\.venv\Lib\site-packages\googleapis_common_protos-1.75.0.dist-info\top_level.txt,top_level.txt,.txt,0.0,0cfa9f600839f57e90e5559b8ee54864,top_level,Desconocido,unknown,pendiente_revision,1,1,0,new,,manual_review_language_category,medium
32,C:\Users\New\Documents\Libros epub\books_kb\.venv\Lib\site-packages\grpcio-1.81.1.dist-info\top_level.txt,top_level.txt,.txt,0.0,113db814ddcc8a50c35797b8acc26c78,top_level,Desconocido,unknown,pendiente_revision,1,1,0,new,,manual_review_language_category,medium
33,C:\Users\New\Documents\Libros epub\books_kb\.venv\Lib\site-packages\h11-0.16.0.dist-info\licenses\LICENSE.txt,LICENSE.txt,.txt,0.001,f5501d19c3116f4aaeef89369f458693,LICENSE,Desconocido,en,pendiente_revision,176,1,0,new,,manual_review_language_category,medium
34,C:\Users\New\Documents\Libros epub\books_kb\.venv\Lib\site-packages\h11-0.16.0.dist-info\top_level.txt,top_level.txt,.txt,0.0,58b314cbeb0f4b3c2be5961ed1452c97,top_level,Desconocido,unknown,pendiente_revision,1,1,0,new,,manual_review_language_category,medium
35,C:\Users\New\Documents\Libros epub\books_kb\.venv\Lib\site-packages\httpcore-1.0.9.dist-info\licenses\LICENSE.md,LICENSE.md,.md,0.001,1c1f23b073da202e1f4f9e426490210c,LICENSE,Desconocido,en,pendiente_revision,226,1,0,new,,manual_review_language_category,medium
36,C:\Users\New\Documents\Libros epub\books_kb\.venv\Lib\site-packages\httptools-0.8.0.dist-info\top_level.txt,top_level.txt,.txt,0.0,4a4a669fe7e9666c416dfab9e400ada1,top_level,Desconocido,unknown,pendiente_revision,1,1,0,new,,manual_review_language_category,medium
37,C:\Users\New\Documents\Libros epub\books_kb\.venv\Lib\site-packages\httpx-0.28.1.dist-info\entry_points.txt,entry_points.txt,.txt,0.0,204e3e08e0463bda04a93cd1e1d9d232,entry_points,Desconocido,unknown,pendiente_revision,4,1,0,new,,manual_review_language_category,medium
38,C:\Users\New\Documents\Libros epub\books_kb\.venv\Lib\site-packages\httpx-0.28.1.dist-info\licenses\LICENSE.md,LICENSE.md,.md,0.001,c624803bdf6fc1c4ce39f5ae11d7bd05,LICENSE,Desconocido,en,pendiente_revision,226,1,0,new,,manual_review_language_category,medium
39,C:\Users\New\Documents\Libros epub\books_kb\.venv\Lib\site-packages\huggingface_hub-0.36.2.dist-info\entry_points.txt,entry_points.txt,.txt,0.0,e862311d9f06bfe024d0ff789189e83e,entry_points,Desconocido,unknown,pendiente_revision,24,1,0,new,,manual_review_language_category,medium
40,C:\Users\New\Documents\Libros epub\books_kb\.venv\Lib\site-packages\huggingface_hub-0.36.2.dist-info\top_level.txt,top_level.txt,.txt,0.0,a886f9a365f14a7e55ef19c790621fae,top_level,Desconocido,unknown,pendiente_revision,1,1,0,new,,manual_review_language_category,medium
41,C:\Users\New\Documents\Libros epub\books_kb\.venv\Lib\site-packages\huggingface_hub\templates\datasetcard_template.md,datasetcard_template.md,.md,0.005,12c6a5ef189e67f5be69bc1bbe9549d5,datasetcard_template,Desconocido,en,pendiente_revision,294,1,0,new,,manual_review_language_category,medium
42,C:\Users\New\Documents\Libros epub\books_kb\.venv\Lib\site-packages\huggingface_hub\templates\modelcard_template.md,modelcard_template.md,.md,0.007,4310fd6f64570b0aab661d7e4983117d,modelcard_template,Desconocido,en,pendiente_revision,469,1,0,new,,manual_review_language_category,medium
43,C:\Users\New\Documents\Libros epub\books_kb\.venv\Lib\site-packages\idna-3.18.dist-info\entry_points.txt,entry_points.txt,.txt,0.0,536914c56109abadf865a325ea4e64d6,entry_points,Desconocido,unknown,pendiente_revision,5,1,0,new,,manual_review_language_category,medium
44,C:\Users\New\Documents\Libros epub\books_kb\.venv\Lib\site-packages\idna-3.18.dist-info\licenses\LICENSE.md,LICENSE.md,.md,0.001,9a6c29079fc90c29d80332f44d2625f2,LICENSE,Desconocido,en,pendiente_revision,232,1,0,new,,manual_review_language_category,medium
45,C:\Users\New\Documents\Libros epub\books_kb\.venv\Lib\site-packages\importlib_resources-7.1.0.dist-info\top_level.txt,top_level.txt,.txt,0.0,0613840f692bd9e064fedd915dfd477a,top_level,Desconocido,unknown,pendiente_revision,1,1,0,new,,manual_review_language_category,medium
46,C:\Users\New\Documents\Libros epub\books_kb\.venv\Lib\site-packages\jinja2-3.1.6.dist-info\entry_points.txt,entry_points.txt,.txt,0.0,27ee54d73799b15fbbfc380f02f07957,entry_points,Desconocido,unknown,pendiente_revision,7,1,0,new,,manual_review_language_category,medium
47,C:\Users\New\Documents\Libros epub\books_kb\.venv\Lib\site-packages\jinja2-3.1.6.dist-info\licenses\LICENSE.txt,LICENSE.txt,.txt,0.001,5dc88300786f1c214c1e9827a5229462,LICENSE,Desconocido,en,pendiente_revision,220,1,0,new,,manual_review_language_category,medium
48,C:\Users\New\Documents\Libros epub\books_kb\.venv\Lib\site-packages\joblib-1.5.3.dist-info\licenses\LICENSE.txt,LICENSE.txt,.txt,0.001,2e481820abf0a70a18011a30153df066,LICENSE,Desconocido,en,pendiente_revision,228,1,0,new,,manual_review_language_category,medium
49,C:\Users\New\Documents\Libros epub\books_kb\.venv\Lib\site-packages\joblib-1.5.3.dist-info\top_level.txt,top_level.txt,.txt,0.0,13f9b8461dbd6e9f40c8ec14106faf6b,top_level,Desconocido,unknown,pendiente_revision,1,1,0,new,,manual_review_language_category,medium
50,C:\Users\New\Documents\Libros epub\books_kb\.venv\Lib\site-packages\jsonschema-4.26.0.dist-info\entry_points.txt,entry_points.txt,.txt,0.0,095614c840316fb033b6b246ebc5a437,entry_points,Desconocido,unknown,pendiente_revision,5,1,0,new,,manual_review_language_category,medium
51,C:\Users\New\Documents\Libros epub\books_kb\.venv\Lib\site-packages\kubernetes-36.0.2.dist-info\top_level.txt,top_level.txt,.txt,0.0,713431a750b0f2aa7424b22c6e358302,top_level,Desconocido,unknown,pendiente_revision,1,1,0,new,,manual_review_language_category,medium
52,C:\Users\New\Documents\Libros epub\books_kb\.venv\Lib\site-packages\lxml-5.2.2.dist-info\LICENSE.txt,LICENSE.txt,.txt,0.001,ecf83b386cb732e5a3847673715dc1fb,LICENSE,Desconocido,en,pendiente_revision,220,1,0,new,,manual_review_language_category,medium
53,C:\Users\New\Documents\Libros epub\books_kb\.venv\Lib\site-packages\lxml-5.2.2.dist-info\LICENSES.txt,LICENSES.txt,.txt,0.001,599312f967c5a14075c01b00f25d9df4,LICENSES,Desconocido,en,pendiente_revision,224,1,0,new,,manual_review_language_category,medium
54,C:\Users\New\Documents\Libros epub\books_kb\.venv\Lib\site-packages\lxml-5.2.2.dist-info\top_level.txt,top_level.txt,.txt,0.0,91fcdd94ba07e0d46cec8d158ed51d19,top_level,Desconocido,unknown,pendiente_revision,1,1,0,new,,manual_review_language_category,medium
55,C:\Users\New\Documents\Libros epub\books_kb\.venv\Lib\site-packages\lxml\isoschematron\resources\xsl\iso-schematron-xslt1\readme.txt,readme.txt,.txt,0.003,2fc7412653a6c260ee6faa411f67d133,readme,Desconocido,en,pendiente_revision,338,1,0,new,,manual_review_language_category,medium
56,C:\Users\New\Documents\Libros epub\books_kb\.venv\Lib\site-packages\markdown_it_py-4.2.0.dist-info\entry_points.txt,entry_points.txt,.txt,0.0,1456dddc54b5784919ca3e95d51f82c8,entry_points,Desconocido,unknown,pendiente_revision,7,1,0,new,,manual_review_language_category,medium
57,C:\Users\New\Documents\Libros epub\books_kb\.venv\Lib\site-packages\markupsafe-3.0.3.dist-info\licenses\LICENSE.txt,LICENSE.txt,.txt,0.001,779964cd6648aa66466fb0d1a9629339,LICENSE,Desconocido,en,pendiente_revision,220,1,0,new,,manual_review_language_category,medium
58,C:\Users\New\Documents\Libros epub\books_kb\.venv\Lib\site-packages\markupsafe-3.0.3.dist-info\top_level.txt,top_level.txt,.txt,0.0,5862354c9fbb5b15204672c79808e25c,top_level,Desconocido,unknown,pendiente_revision,1,1,0,new,,manual_review_language_category,medium
59,C:\Users\New\Documents\Libros epub\books_kb\.venv\Lib\site-packages\mmh3-5.2.1.dist-info\top_level.txt,top_level.txt,.txt,0.0,7591a4912b7c22841a5107315a1f5043,top_level,Desconocido,unknown,pendiente_revision,1,1,0,new,,manual_review_language_category,medium
60,C:\Users\New\Documents\Libros epub\books_kb\.venv\Lib\site-packages\mpmath-1.3.0.dist-info\top_level.txt,top_level.txt,.txt,0.0,6f543ff8394ecf237397d73f5664dec7,top_level,Desconocido,unknown,pendiente_revision,1,1,0,new,,manual_review_language_category,medium
61,C:\Users\New\Documents\Libros epub\books_kb\.venv\Lib\site-packages\multidict-6.7.1.dist-info\top_level.txt,top_level.txt,.txt,0.0,c25c8390af673b8ed2d00811b61fe34b,top_level,Desconocido,unknown,pendiente_revision,1,1,0,new,,manual_review_language_category,medium
62,C:\Users\New\Documents\Libros epub\books_kb\.venv\Lib\site-packages\narwhals-2.22.1.dist-info\licenses\LICENSE.md,LICENSE.md,.md,0.001,635dc68cb70b18de784113020c6d814e,LICENSE,Desconocido,en,pendiente_revision,172,1,0,new,,manual_review_language_category,medium
63,C:\Users\New\Documents\Libros epub\books_kb\.venv\Lib\site-packages\networkx-3.6.1.dist-info\entry_points.txt,entry_points.txt,.txt,0.0,d74a474f8425ffcb581e31a8dc55c1bd,entry_points,Desconocido,unknown,pendiente_revision,8,1,0,new,,manual_review_language_category,medium
64,C:\Users\New\Documents\Libros epub\books_kb\.venv\Lib\site-packages\networkx-3.6.1.dist-info\licenses\LICENSE.txt,LICENSE.txt,.txt,0.002,f7592b173aee2da0e062f9cfa0378e9d,LICENSE,Desconocido,en,pendiente_revision,238,1,0,new,,manual_review_language_category,medium
65,C:\Users\New\Documents\Libros epub\books_kb\.venv\Lib\site-packages\networkx-3.6.1.dist-info\top_level.txt,top_level.txt,.txt,0.0,77f386cf50a8eddca496ae13788a8c2a,top_level,Desconocido,unknown,pendiente_revision,1,1,0,new,,manual_review_language_category,medium
66,C:\Users\New\Documents\Libros epub\books_kb\.venv\Lib\site-packages\numpy-2.5.0.dist-info\entry_points.txt,entry_points.txt,.txt,0.0,6f858322c9bc0659f250a01c58792b67,entry_points,Desconocido,unknown,pendiente_revision,25,1,0,new,,manual_review_language_category,medium
67,C:\Users\New\Documents\Libros epub\books_kb\.venv\Lib\site-packages\numpy-2.5.0.dist-info\licenses\LICENSE.txt,LICENSE.txt,.txt,0.044,2e10a48dc17d8e090dfb37bb3447b747,LICENSE,Desconocido,en,comunicacion,7215,1,0,new,,manual_review_language_category,medium
68,C:\Users\New\Documents\Libros epub\books_kb\.venv\Lib\site-packages\numpy-2.5.0.dist-info\licenses\numpy\_core\include\numpy\libdivide\LICENSE.txt,LICENSE.txt,.txt,0.001,898cbc8eff52a5f3db6d05c6c063931a,LICENSE,Desconocido,en,pendiente_revision,146,1,0,new,,manual_review_language_category,medium
69,C:\Users\New\Documents\Libros epub\books_kb\.venv\Lib\site-packages\numpy-2.5.0.dist-info\licenses\numpy\_core\src\multiarray\dragon4_LICENSE.txt,dragon4_LICENSE.txt,.txt,0.001,cc036684440cfc85989d9eb2ce62a83e,dragon4_LICENSE,Desconocido,en,pendiente_revision,228,1,0,new,,manual_review_language_category,medium
70,C:\Users\New\Documents\Libros epub\books_kb\.venv\Lib\site-packages\numpy-2.5.0.dist-info\licenses\numpy\_core\src\npysort\x86-simd-sort\LICENSE.md,LICENSE.md,.md,0.001,84eaa7c26140946ccb731d9211f2c500,LICENSE,Desconocido,en,pendiente_revision,228,1,0,new,,manual_review_language_category,medium
71,C:\Users\New\Documents\Libros epub\books_kb\.venv\Lib\site-packages\numpy-2.5.0.dist-info\licenses\numpy\fft\pocketfft\LICENSE.md,LICENSE.md,.md,0.001,1a61eba96d322b4223b2c757966d11c3,LICENSE,Desconocido,en,pendiente_revision,224,1,0,new,,manual_review_language_category,medium
72,C:\Users\New\Documents\Libros epub\books_kb\.venv\Lib\site-packages\numpy-2.5.0.dist-info\licenses\numpy\linalg\lapack_lite\LICENSE.txt,LICENSE.txt,.txt,0.002,6470fc2a1943f4c9357c9e5904e1de14,LICENSE,Desconocido,en,pendiente_revision,318,1,0,new,,manual_review_language_category,medium
73,C:\Users\New\Documents\Libros epub\books_kb\.venv\Lib\site-packages\numpy-2.5.0.dist-info\licenses\numpy\random\LICENSE.md,LICENSE.md,.md,0.003,fcb10299e3af3800f3543f68fcb662be,LICENSE,Desconocido,en,pendiente_revision,519,1,0,new,,manual_review_language_category,medium
74,C:\Users\New\Documents\Libros epub\books_kb\.venv\Lib\site-packages\numpy-2.5.0.dist-info\licenses\numpy\random\src\distributions\LICENSE.md,LICENSE.md,.md,0.003,0d19dbee118aaff96fef21149fad1db1,LICENSE,Desconocido,en,pendiente_revision,415,1,0,new,,manual_review_language_category,medium
75,C:\Users\New\Documents\Libros epub\books_kb\.venv\Lib\site-packages\numpy-2.5.0.dist-info\licenses\numpy\random\src\mt19937\LICENSE.md,LICENSE.md,.md,0.003,2a4fd3abbbc9a790203cd342b396d430,LICENSE,Desconocido,en,pendiente_revision,443,1,0,new,,manual_review_language_category,medium
76,C:\Users\New\Documents\Libros epub\books_kb\.venv\Lib\site-packages\numpy-2.5.0.dist-info\licenses\numpy\random\src\pcg64\LICENSE.md,LICENSE.md,.md,0.001,751ad923d2842c9b3edf02e06f4afb3b,LICENSE,Desconocido,en,pendiente_revision,178,1,0,new,,manual_review_language_category,medium
77,C:\Users\New\Documents\Libros epub\books_kb\.venv\Lib\site-packages\numpy-2.5.0.dist-info\licenses\numpy\random\src\philox\LICENSE.md,LICENSE.md,.md,0.001,948d6b77d58194f30636feb37ee9db10,LICENSE,Desconocido,en,pendiente_revision,226,1,0,new,,manual_review_language_category,medium
78,C:\Users\New\Documents\Libros epub\books_kb\.venv\Lib\site-packages\numpy-2.5.0.dist-info\licenses\numpy\random\src\sfc64\LICENSE.md,LICENSE.md,.md,0.001,586add78dcdcab2cd241d587de983d5b,LICENSE,Desconocido,en,pendiente_revision,192,1,0,new,,manual_review_language_category,medium
79,C:\Users\New\Documents\Libros epub\books_kb\.venv\Lib\site-packages\numpy-2.5.0.dist-info\licenses\numpy\random\src\splitmix64\LICENSE.md,LICENSE.md,.md,0.0,d3fb012fea025c86280d472928dabfa5,LICENSE,Desconocido,en,pendiente_revision,43,1,0,new,,manual_review_language_category,medium
80,C:\Users\New\Documents\Libros epub\books_kb\.venv\Lib\site-packages\numpy\_core\include\numpy\random\LICENSE.txt,LICENSE.txt,.txt,0.001,898cbc8eff52a5f3db6d05c6c063931a,LICENSE,Desconocido,en,pendiente_revision,146,1,0,new,,manual_review_language_category,medium
81,C:\Users\New\Documents\Libros epub\books_kb\.venv\Lib\site-packages\numpy\_core\tests\data\umath-validation-set-README.txt,umath-validation-set-README.txt,.txt,0.001,7e89e3e480c74fcd3f957db0ba86521b,umath-validation-set-README,Desconocido,en,pendiente_revision,148,1,0,new,,manual_review_language_category,medium
82,C:\Users\New\Documents\Libros epub\books_kb\.venv\Lib\site-packages\numpy\ma\API_CHANGES.txt,API_CHANGES.txt,.txt,0.003,f20655b3d3481b8cb3734dff5e739887,API_CHANGES,Desconocido,en,pendiente_revision,449,1,0,new,,manual_review_language_category,medium
83,C:\Users\New\Documents\Libros epub\books_kb\.venv\Lib\site-packages\numpy\random\LICENSE.md,LICENSE.md,.md,0.003,fcb10299e3af3800f3543f68fcb662be,LICENSE,Desconocido,en,pendiente_revision,519,1,0,new,,manual_review_language_category,medium
84,C:\Users\New\Documents\Libros epub\books_kb\.venv\Lib\site-packages\oauthlib-3.3.1.dist-info\top_level.txt,top_level.txt,.txt,0.0,decbe65c8068cbe35ea0f58a70238c62,top_level,Desconocido,unknown,pendiente_revision,1,1,0,new,,manual_review_language_category,medium
85,C:\Users\New\Documents\Libros epub\books_kb\.venv\Lib\site-packages\onnxruntime-1.27.0.dist-info\entry_points.txt,entry_points.txt,.txt,0.0,de46a49fec2a4048b41e5093d4aa90ba,entry_points,Desconocido,unknown,pendiente_revision,6,1,0,new,,manual_review_language_category,medium
86,C:\Users\New\Documents\Libros epub\books_kb\.venv\Lib\site-packages\onnxruntime-1.27.0.dist-info\top_level.txt,top_level.txt,.txt,0.0,09a2d6936458d2ad745286a887093fb3,top_level,Desconocido,unknown,pendiente_revision,1,1,0,new,,manual_review_language_category,medium
87,C:\Users\New\Documents\Libros epub\books_kb\.venv\Lib\site-packages\onnxruntime\Privacy.md,Privacy.md,.md,0.002,b830a2d6d1b5245c0eb8a1bcf4857bd6,Privacy,Desconocido,en,text_game,376,1,0,new,,manual_review_language_category,medium
88,C:\Users\New\Documents\Libros epub\books_kb\.venv\Lib\site-packages\onnxruntime\ThirdPartyNotices.txt,ThirdPartyNotices.txt,.txt,0.316,764d8004beb99ee15a635477490d32de,ThirdPartyNotices,Desconocido,en,comunicacion,7826,1,0,new,,manual_review_language_category,medium
89,C:\Users\New\Documents\Libros epub\books_kb\.venv\Lib\site-packages\onnxruntime\tools\mobile_helpers\coreml_supported_mlprogram_ops.md,coreml_supported_mlprogram_ops.md,.md,0.003,248b31ad5e5ae0d393c3a41fad07b648,coreml_supported_mlprogram_ops,Desconocido,en,pendiente_revision,434,1,0,new,,manual_review_language_category,medium
90,C:\Users\New\Documents\Libros epub\books_kb\.venv\Lib\site-packages\onnxruntime\tools\mobile_helpers\coreml_supported_neuralnetwork_ops.md,coreml_supported_neuralnetwork_ops.md,.md,0.002,2b9d1861c51d19d29ab3b8311346a836,coreml_supported_neuralnetwork_ops,Desconocido,en,pendiente_revision,273,1,0,new,,manual_review_language_category,medium
91,C:\Users\New\Documents\Libros epub\books_kb\.venv\Lib\site-packages\onnxruntime\tools\mobile_helpers\nnapi_supported_ops.md,nnapi_supported_ops.md,.md,0.002,e1db28506d311ab044ed70cceee11a45,nnapi_supported_ops,Desconocido,en,pendiente_revision,347,1,0,new,,manual_review_language_category,medium
92,C:\Users\New\Documents\Libros epub\books_kb\.venv\Lib\site-packages\opentelemetry\sdk\_configuration\README.md,README.md,.md,0.001,1cf4abd6629fcd002a2c26e351a76e3d,README,Desconocido,en,pendiente_revision,143,1,0,new,,manual_review_language_category,medium
93,C:\Users\New\Documents\Libros epub\books_kb\.venv\Lib\site-packages\opentelemetry\sdk\metrics\_internal\exponential_histogram\mapping\ieee_754.md,ieee_754.md,.md,0.005,1fb6738764644bfe513378c7510ad433,ieee_754,Desconocido,en,pendiente_revision,754,1,0,new,,manual_review_language_category,medium
94,C:\Users\New\Documents\Libros epub\books_kb\.venv\Lib\site-packages\opentelemetry_api-1.43.0.dist-info\entry_points.txt,entry_points.txt,.txt,0.001,aba57721fc81c3cbbf475e8c9c21ba1a,entry_points,Desconocido,unknown,pendiente_revision,32,1,0,new,,manual_review_language_category,medium
95,C:\Users\New\Documents\Libros epub\books_kb\.venv\Lib\site-packages\opentelemetry_exporter_otlp_proto_grpc-1.43.0.dist-info\entry_points.txt,entry_points.txt,.txt,0.0,bd9709301dfec75f7ac9d72904f5adc3,entry_points,Desconocido,unknown,pendiente_revision,27,1,0,new,,manual_review_language_category,medium
96,C:\Users\New\Documents\Libros epub\books_kb\.venv\Lib\site-packages\opentelemetry_sdk-1.43.0.dist-info\entry_points.txt,entry_points.txt,.txt,0.001,73736a815e007f68101dce6b08de2123,entry_points,Desconocido,unknown,pendiente_revision,114,1,0,new,,manual_review_language_category,medium
97,C:\Users\New\Documents\Libros epub\books_kb\.venv\Lib\site-packages\overrides-7.7.0.dist-info\top_level.txt,top_level.txt,.txt,0.0,45da8d03b558d27851b80e9a5d20bee5,top_level,Desconocido,unknown,pendiente_revision,1,1,0,new,,manual_review_language_category,medium
98,C:\Users\New\Documents\Libros epub\books_kb\.venv\Lib\site-packages\pillow-10.4.0.dist-info\top_level.txt,top_level.txt,.txt,0.0,d851573b415fac5c5ec32f7150727932,top_level,Desconocido,unknown,pendiente_revision,1,1,0,new,,manual_review_language_category,medium
99,C:\Users\New\Documents\Libros epub\books_kb\.venv\Lib\site-packages\pip-26.1.2.dist-info\entry_points.txt,entry_points.txt,.txt,0.0,67f67fb36f7fb6b82fca64cb0ff46d19,entry_points,Desconocido,unknown,pendiente_revision,13,1,0,new,,manual_review_language_category,medium
100,C:\Users\New\Documents\Libros epub\books_kb\.venv\Lib\site-packages\pip-26.1.2.dist-info\licenses\AUTHORS.txt,AUTHORS.txt,.txt,0.011,d44f266978b2bafa03210dea8954ad06,AUTHORS,Desconocido,es,pendiente_revision,1664,1,0,new,,manual_review_language_category,medium
101,C:\Users\New\Documents\Libros epub\books_kb\.venv\Lib\site-packages\pip-26.1.2.dist-info\licenses\LICENSE.txt,LICENSE.txt,.txt,0.001,63ec52baf95163b597008bb46db68030,LICENSE,Desconocido,en,pendiente_revision,174,1,0,new,,manual_review_language_category,medium
102,C:\Users\New\Documents\Libros epub\books_kb\.venv\Lib\site-packages\pip-26.1.2.dist-info\licenses\src\pip\_vendor\cachecontrol\LICENSE.txt,LICENSE.txt,.txt,0.001,6572692148079ebbbd800be4b9f36c6d,LICENSE,Desconocido,en,pendiente_revision,91,1,0,new,,manual_review_language_category,medium
103,C:\Users\New\Documents\Libros epub\books_kb\.venv\Lib\site-packages\pip-26.1.2.dist-info\licenses\src\pip\_vendor\distlib\LICENSE.txt,LICENSE.txt,.txt,0.014,f6a11430d5cd6e2cd3832ee94f22ddfc,LICENSE,Desconocido,en,pendiente_revision,2238,1,0,new,,manual_review_language_category,medium
104,C:\Users\New\Documents\Libros epub\books_kb\.venv\Lib\site-packages\pip-26.1.2.dist-info\licenses\src\pip\_vendor\idna\LICENSE.md,LICENSE.md,.md,0.001,18a4795c19833413a7e2f1cb3cd3b143,LICENSE,Desconocido,en,pendiente_revision,232,1,0,new,,manual_review_language_category,medium
105,C:\Users\New\Documents\Libros epub\books_kb\.venv\Lib\site-packages\pip-26.1.2.dist-info\licenses\src\pip\_vendor\urllib3\LICENSE.txt,LICENSE.txt,.txt,0.001,52d273a3054ced561275d4d15260ecda,LICENSE,Desconocido,en,pendiente_revision,173,1,0,new,,manual_review_language_category,medium
106,C:\Users\New\Documents\Libros epub\books_kb\.venv\Lib\site-packages\pip\_vendor\cachecontrol\LICENSE.txt,LICENSE.txt,.txt,0.001,6572692148079ebbbd800be4b9f36c6d,LICENSE,Desconocido,en,pendiente_revision,91,1,0,new,,manual_review_language_category,medium
107,C:\Users\New\Documents\Libros epub\books_kb\.venv\Lib\site-packages\pip\_vendor\distlib\LICENSE.txt,LICENSE.txt,.txt,0.014,f6a11430d5cd6e2cd3832ee94f22ddfc,LICENSE,Desconocido,en,pendiente_revision,2238,1,0,new,,manual_review_language_category,medium
108,C:\Users\New\Documents\Libros epub\books_kb\.venv\Lib\site-packages\pip\_vendor\idna\LICENSE.md,LICENSE.md,.md,0.001,18a4795c19833413a7e2f1cb3cd3b143,LICENSE,Desconocido,en,pendiente_revision,232,1,0,new,,manual_review_language_category,medium
109,C:\Users\New\Documents\Libros epub\books_kb\.venv\Lib\site-packages\pip\_vendor\urllib3\LICENSE.txt,LICENSE.txt,.txt,0.001,52d273a3054ced561275d4d15260ecda,LICENSE,Desconocido,en,pendiente_revision,173,1,0,new,,manual_review_language_category,medium
110,C:\Users\New\Documents\Libros epub\books_kb\.venv\Lib\site-packages\pip\_vendor\vendor.txt,vendor.txt,.txt,0.0,f34f0be9b0cc629a2bc20b221e84f607,vendor,Desconocido,unknown,pendiente_revision,72,1,0,new,,manual_review_language_category,medium
111,C:\Users\New\Documents\Libros epub\books_kb\.venv\Lib\site-packages\pkg_resources\api_tests.txt,api_tests.txt,.txt,0.012,77459c19444030a0926f523388fa4ef8,api_tests,Desconocido,en,pendiente_revision,1596,1,0,new,,manual_review_language_category,medium
112,C:\Users\New\Documents\Libros epub\books_kb\.venv\Lib\site-packages\pkg_resources\tests\data\my-test-package_unpacked-egg\my_test_package-1.0-py3.7.egg\EGG-INFO\dependency_links.txt,dependency_links.txt,.txt,0.0,68b329da9893e34099c7d8ad5cb9c940,dependency_links,Desconocido,unknown,pendiente_revision,0,1,0,new,,manual_review_language_category,medium
113,C:\Users\New\Documents\Libros epub\books_kb\.venv\Lib\site-packages\pkg_resources\tests\data\my-test-package_unpacked-egg\my_test_package-1.0-py3.7.egg\EGG-INFO\SOURCES.txt,SOURCES.txt,.txt,0.0,7dac05d5bb12b83222d3008bcaa5ceac,SOURCES,Desconocido,unknown,pendiente_revision,29,1,0,new,,manual_review_language_category,medium
114,C:\Users\New\Documents\Libros epub\books_kb\.venv\Lib\site-packages\pkg_resources\tests\data\my-test-package_unpacked-egg\my_test_package-1.0-py3.7.egg\EGG-INFO\top_level.txt,top_level.txt,.txt,0.0,68b329da9893e34099c7d8ad5cb9c940,top_level,Desconocido,unknown,pendiente_revision,0,1,0,new,,manual_review_language_category,medium
115,C:\Users\New\Documents\Libros epub\books_kb\.venv\Lib\site-packages\propcache-0.5.2.dist-info\top_level.txt,top_level.txt,.txt,0.0,63ef4b6c04a7def229d0adb188dd8847,top_level,Desconocido,unknown,pendiente_revision,1,1,0,new,,manual_review_language_category,medium
116,C:\Users\New\Documents\Libros epub\books_kb\.venv\Lib\site-packages\pybase64-1.4.3.dist-info\entry_points.txt,entry_points.txt,.txt,0.0,092e28e56c2a09bb5fb2e02be1718343,entry_points,Desconocido,unknown,pendiente_revision,5,1,0,new,,manual_review_language_category,medium
117,C:\Users\New\Documents\Libros epub\books_kb\.venv\Lib\site-packages\pybase64-1.4.3.dist-info\top_level.txt,top_level.txt,.txt,0.0,ed358c792c66ce8420c221caf2169161,top_level,Desconocido,unknown,pendiente_revision,1,1,0,new,,manual_review_language_category,medium
118,C:\Users\New\Documents\Libros epub\books_kb\.venv\Lib\site-packages\pygments-2.20.0.dist-info\entry_points.txt,entry_points.txt,.txt,0.0,e3efb1666169831efc4000eaa9e0ecde,entry_points,Desconocido,unknown,pendiente_revision,5,1,0,new,,manual_review_language_category,medium
119,C:\Users\New\Documents\Libros epub\books_kb\.venv\Lib\site-packages\PyMuPDF-1.24.9.dist-info\entry_points.txt,entry_points.txt,.txt,0.0,144a3ac5b09f249c7e28dfb065ca82b3,entry_points,Desconocido,unknown,pendiente_revision,5,1,0,new,,manual_review_language_category,medium
120,C:\Users\New\Documents\Libros epub\books_kb\.venv\Lib\site-packages\PyMuPDF-1.24.9.dist-info\README.md,README.md,.md,0.002,757d451e3ec8c10c4cd50fdba560316f,README,Desconocido,en,pendiente_revision,292,1,0,new,,manual_review_language_category,medium
121,C:\Users\New\Documents\Libros epub\books_kb\.venv\Lib\site-packages\PyMuPDFb-1.24.9.dist-info\README.md,README.md,.md,0.0,be6538e1929c150dea2c1e87014d5c38,README,Desconocido,en,pendiente_revision,41,1,0,new,,manual_review_language_category,medium
122,C:\Users\New\Documents\Libros epub\books_kb\.venv\Lib\site-packages\pypika-0.51.1.dist-info\licenses\LICENSE.txt,LICENSE.txt,.txt,0.011,dc7f21ccff0f672f2a7cd6f412ae627d,LICENSE,Desconocido,en,comunicacion,1608,1,0,new,,manual_review_language_category,medium
123,C:\Users\New\Documents\Libros epub\books_kb\.venv\Lib\site-packages\pypika-0.51.1.dist-info\top_level.txt,top_level.txt,.txt,0.0,226093abfeb5393e1b3e32c4d3789a4f,top_level,Desconocido,unknown,pendiente_revision,1,1,0,new,,manual_review_language_category,medium
124,C:\Users\New\Documents\Libros epub\books_kb\.venv\Lib\site-packages\pytesseract-0.3.13.dist-info\entry_points.txt,entry_points.txt,.txt,0.0,c9f6555c5521fa9ff9ce9bfa80b043bc,entry_points,Desconocido,unknown,pendiente_revision,5,1,0,new,,manual_review_language_category,medium
125,C:\Users\New\Documents\Libros epub\books_kb\.venv\Lib\site-packages\pytesseract-0.3.13.dist-info\top_level.txt,top_level.txt,.txt,0.0,36727f809b027c8e5555b2391b2ac837,top_level,Desconocido,unknown,pendiente_revision,1,1,0,new,,manual_review_language_category,medium
126,C:\Users\New\Documents\Libros epub\books_kb\.venv\Lib\site-packages\python_dateutil-2.9.0.post0.dist-info\top_level.txt,top_level.txt,.txt,0.0,bee7c7a3f937dadd8438a1ae4a3c6714,top_level,Desconocido,unknown,pendiente_revision,1,1,0,new,,manual_review_language_category,medium
127,C:\Users\New\Documents\Libros epub\books_kb\.venv\Lib\site-packages\python_docx-1.1.2.dist-info\top_level.txt,top_level.txt,.txt,0.0,ef275ccfbf241b5f11c0a861b7e0e792,top_level,Desconocido,unknown,pendiente_revision,1,1,0,new,,manual_review_language_category,medium
128,C:\Users\New\Documents\Libros epub\books_kb\.venv\Lib\site-packages\python_dotenv-1.2.2.dist-info\entry_points.txt,entry_points.txt,.txt,0.0,97c730e838887dcbd6eb0da07c816ab1,entry_points,Desconocido,unknown,pendiente_revision,5,1,0,new,,manual_review_language_category,medium
129,C:\Users\New\Documents\Libros epub\books_kb\.venv\Lib\site-packages\python_dotenv-1.2.2.dist-info\top_level.txt,top_level.txt,.txt,0.0,922cdc46358dd7b4a4d23cf8f1278903,top_level,Desconocido,unknown,pendiente_revision,1,1,0,new,,manual_review_language_category,medium
130,C:\Users\New\Documents\Libros epub\books_kb\.venv\Lib\site-packages\pyyaml-6.0.3.dist-info\top_level.txt,top_level.txt,.txt,0.0,0f52777150a67dfcd9c7b0fae02a7041,top_level,Desconocido,unknown,pendiente_revision,2,1,0,new,,manual_review_language_category,medium
131,C:\Users\New\Documents\Libros epub\books_kb\.venv\Lib\site-packages\regex-2026.5.9.dist-info\licenses\LICENSE.txt,LICENSE.txt,.txt,0.011,0eac239a547ab525c5a013022565f593,LICENSE,Desconocido,en,comunicacion,1651,1,0,new,,manual_review_language_category,medium
132,C:\Users\New\Documents\Libros epub\books_kb\.venv\Lib\site-packages\regex-2026.5.9.dist-info\top_level.txt,top_level.txt,.txt,0.0,0afc29b0f401fd47865c752ad298daee,top_level,Desconocido,unknown,pendiente_revision,1,1,0,new,,manual_review_language_category,medium
133,C:\Users\New\Documents\Libros epub\books_kb\.venv\Lib\site-packages\requests-2.34.2.dist-info\top_level.txt,top_level.txt,.txt,0.0,197b4deb87ffa3decd9f045926a86cd0,top_level,Desconocido,unknown,pendiente_revision,1,1,0,new,,manual_review_language_category,medium
134,C:\Users\New\Documents\Libros epub\books_kb\.venv\Lib\site-packages\requests_oauthlib-2.0.0.dist-info\top_level.txt,top_level.txt,.txt,0.0,7e884370b0e2a0ab8c9fdc227405e790,top_level,Desconocido,unknown,pendiente_revision,1,1,0,new,,manual_review_language_category,medium
135,C:\Users\New\Documents\Libros epub\books_kb\.venv\Lib\site-packages\schemas\embedding_functions\README.md,README.md,.md,0.002,96c27184eac56e53c741807c3e578b93,README,Desconocido,en,pendiente_revision,255,1,0,new,,manual_review_language_category,medium
136,C:\Users\New\Documents\Libros epub\books_kb\.venv\Lib\site-packages\scipy-1.18.0.dist-info\LICENSE.txt,LICENSE.txt,.txt,0.044,558f9edbdf697a8aeef7d25a233131f6,LICENSE,Desconocido,en,comunicacion,7226,1,0,new,,manual_review_language_category,medium
137,C:\Users\New\Documents\Libros epub\books_kb\.venv\Lib\site-packages\scipy\fft\_duccfft\LICENSE.md,LICENSE.md,.md,0.001,14b3ef11d019b4751d14ea2c03b1a67c,LICENSE,Desconocido,en,pendiente_revision,224,1,0,new,,manual_review_language_category,medium
138,C:\Users\New\Documents\Libros epub\books_kb\.venv\Lib\site-packages\scipy\io\matlab\tests\data\japanese_utf8.txt,japanese_utf8.txt,.txt,0.0,9a6025b50929e468089a987c88442bb1,japanese_utf8,Desconocido,unknown,pendiente_revision,9,1,0,new,,manual_review_language_category,medium
139,C:\Users\New\Documents\Libros epub\books_kb\.venv\Lib\site-packages\scipy\ndimage\tests\data\label_inputs.txt,label_inputs.txt,.txt,0.0,ab1ef9ad7b7eb111f950d016fc63443e,label_inputs,Desconocido,unknown,pendiente_revision,147,1,0,new,,manual_review_language_category,medium
140,C:\Users\New\Documents\Libros epub\books_kb\.venv\Lib\site-packages\scipy\ndimage\tests\data\label_results.txt,label_results.txt,.txt,0.004,7acb9f5a36310dda34dd3ea440bf8ceb,label_results,Desconocido,unknown,pendiente_revision,2058,1,0,new,,manual_review_language_category,medium
141,C:\Users\New\Documents\Libros epub\books_kb\.venv\Lib\site-packages\scipy\ndimage\tests\data\label_strels.txt,label_strels.txt,.txt,0.0,2087e5db31bd00930aa39b0494de4927,label_strels,Desconocido,unknown,pendiente_revision,126,1,0,new,,manual_review_language_category,medium
142,C:\Users\New\Documents\Libros epub\books_kb\.venv\Lib\site-packages\scipy\spatial\qhull_src\COPYING_QHULL.txt,COPYING_QHULL.txt,.txt,0.002,fe2999d7bdb894aaeb2b1fae6b633555,COPYING_QHULL,Desconocido,en,pendiente_revision,240,1,0,new,,manual_review_language_category,medium
143,C:\Users\New\Documents\Libros epub\books_kb\.venv\Lib\site-packages\scipy\spatial\tests\data\cdist-X1.txt,cdist-X1.txt,.txt,0.005,a3db3ae2631f7e3949ba8c9ce7e6eeb9,cdist-X1,Desconocido,unknown,pendiente_revision,690,1,0,new,,manual_review_language_category,medium
144,C:\Users\New\Documents\Libros epub\books_kb\.venv\Lib\site-packages\scipy\spatial\tests\data\cdist-X2.txt,cdist-X2.txt,.txt,0.011,46503405acfe1a217471d8ec06ba73d0,cdist-X2,Desconocido,unknown,pendiente_revision,1380,1,0,new,,manual_review_language_category,medium
145,C:\Users\New\Documents\Libros epub\books_kb\.venv\Lib\site-packages\scipy\spatial\tests\data\iris.txt,iris.txt,.txt,0.014,26f145e80321673ec2c33e6d52f593f6,iris,Desconocido,unknown,pendiente_revision,1800,1,0,new,,manual_review_language_category,medium
146,C:\Users\New\Documents\Libros epub\books_kb\.venv\Lib\site-packages\scipy\spatial\tests\data\pdist-boolean-inp.txt,pdist-boolean-inp.txt,.txt,0.048,711558b56e742432a5d43078d9b70fac,pdist-boolean-inp,Desconocido,unknown,pendiente_revision,6000,1,0,new,,manual_review_language_category,medium
147,C:\Users\New\Documents\Libros epub\books_kb\.venv\Lib\site-packages\scipy\spatial\tests\data\pdist-chebyshev-ml-iris.txt,pdist-chebyshev-ml-iris.txt,.txt,0.171,f33e9f046d997a2170f367fe3d1859e2,pdist-chebyshev-ml-iris,Desconocido,unknown,pendiente_revision,10715,1,0,new,,manual_review_language_category,medium
148,C:\Users\New\Documents\Libros epub\books_kb\.venv\Lib\site-packages\scipy\spatial\tests\data\pdist-chebyshev-ml.txt,pdist-chebyshev-ml.txt,.txt,0.003,50e15bc4517edc408fca8c6a3da26800,pdist-chebyshev-ml,Desconocido,unknown,pendiente_revision,570,1,0,new,,manual_review_language_category,medium
149,C:\Users\New\Documents\Libros epub\books_kb\.venv\Lib\site-packages\scipy\spatial\tests\data\pdist-cityblock-ml-iris.txt,pdist-cityblock-ml-iris.txt,.txt,0.171,11d3d08170ae8d19f550a59e8595757c,pdist-cityblock-ml-iris,Desconocido,unknown,pendiente_revision,10715,1,0,new,,manual_review_language_category,medium
150,C:\Users\New\Documents\Libros epub\books_kb\.venv\Lib\site-packages\scipy\spatial\tests\data\pdist-cityblock-ml.txt,pdist-cityblock-ml.txt,.txt,0.003,6c11cc964186a7f9e350e44ce854a072,pdist-cityblock-ml,Desconocido,unknown,pendiente_revision,570,1,0,new,,manual_review_language_category,medium
151,C:\Users\New\Documents\Libros epub\books_kb\.venv\Lib\site-packages\scipy\spatial\tests\data\pdist-correlation-ml-iris.txt,pdist-correlation-ml-iris.txt,.txt,0.171,9633ea0ececc072f801e57b46d3d23fd,pdist-correlation-ml-iris,Desconocido,unknown,pendiente_revision,10715,1,0,new,,manual_review_language_category,medium
152,C:\Users\New\Documents\Libros epub\books_kb\.venv\Lib\site-packages\scipy\spatial\tests\data\pdist-correlation-ml.txt,pdist-correlation-ml.txt,.txt,0.003,61de16707880a094a55909db4815b4b4,pdist-correlation-ml,Desconocido,unknown,pendiente_revision,570,1,0,new,,manual_review_language_category,medium
153,C:\Users\New\Documents\Libros epub\books_kb\.venv\Lib\site-packages\scipy\spatial\tests\data\pdist-cosine-ml-iris.txt,pdist-cosine-ml-iris.txt,.txt,0.171,0a2f0014ca249adebde422a2295b3703,pdist-cosine-ml-iris,Desconocido,unknown,pendiente_revision,10715,1,0,new,,manual_review_language_category,medium
154,C:\Users\New\Documents\Libros epub\books_kb\.venv\Lib\site-packages\scipy\spatial\tests\data\pdist-cosine-ml.txt,pdist-cosine-ml.txt,.txt,0.003,5e9be96a0af66708ed650446b89a208b,pdist-cosine-ml,Desconocido,unknown,pendiente_revision,570,1,0,new,,manual_review_language_category,medium
155,C:\Users\New\Documents\Libros epub\books_kb\.venv\Lib\site-packages\scipy\spatial\tests\data\pdist-double-inp.txt,pdist-double-inp.txt,.txt,0.048,20e045667e6909bf84ac106ff6313c1d,pdist-double-inp,Desconocido,unknown,pendiente_revision,6000,1,0,new,,manual_review_language_category,medium
156,C:\Users\New\Documents\Libros epub\books_kb\.venv\Lib\site-packages\scipy\spatial\tests\data\pdist-euclidean-ml-iris.txt,pdist-euclidean-ml-iris.txt,.txt,0.171,348f34317344a6ce50ce24db524b41a7,pdist-euclidean-ml-iris,Desconocido,unknown,pendiente_revision,10715,1,0,new,,manual_review_language_category,medium
157,C:\Users\New\Documents\Libros epub\books_kb\.venv\Lib\site-packages\scipy\spatial\tests\data\pdist-euclidean-ml.txt,pdist-euclidean-ml.txt,.txt,0.003,41e7e130ff6d83e3cb22ccc541a54864,pdist-euclidean-ml,Desconocido,unknown,pendiente_revision,570,1,0,new,,manual_review_language_category,medium
158,C:\Users\New\Documents\Libros epub\books_kb\.venv\Lib\site-packages\scipy\spatial\tests\data\pdist-hamming-ml.txt,pdist-hamming-ml.txt,.txt,0.003,41a6a0a7ac1211cf258ec6fba94c1347,pdist-hamming-ml,Desconocido,unknown,pendiente_revision,570,1,0,new,,manual_review_language_category,medium
159,C:\Users\New\Documents\Libros epub\books_kb\.venv\Lib\site-packages\scipy\spatial\tests\data\pdist-jaccard-ml.txt,pdist-jaccard-ml.txt,.txt,0.003,e701f7ae1f5a3822a0aae1a3d8206a64,pdist-jaccard-ml,Desconocido,unknown,pendiente_revision,570,1,0,new,,manual_review_language_category,medium
160,C:\Users\New\Documents\Libros epub\books_kb\.venv\Lib\site-packages\scipy\spatial\tests\data\pdist-jensenshannon-ml-iris.txt,pdist-jensenshannon-ml-iris.txt,.txt,0.165,b096c9a3f0b323ba9f591cc21f10ee62,pdist-jensenshannon-ml-iris,Desconocido,unknown,pendiente_revision,6597,1,0,new,,manual_review_language_category,medium
161,C:\Users\New\Documents\Libros epub\books_kb\.venv\Lib\site-packages\scipy\spatial\tests\data\pdist-jensenshannon-ml.txt,pdist-jensenshannon-ml.txt,.txt,0.003,209f2aa2a777ee9b63471fd91444831c,pdist-jensenshannon-ml,Desconocido,unknown,pendiente_revision,380,1,0,new,,manual_review_language_category,medium
162,C:\Users\New\Documents\Libros epub\books_kb\.venv\Lib\site-packages\scipy\spatial\tests\data\pdist-minkowski-3.2-ml-iris.txt,pdist-minkowski-3.2-ml-iris.txt,.txt,0.171,a29fe089f66f3b0b77013aef160a798a,pdist-minkowski-3.2-ml-iris,Desconocido,unknown,pendiente_revision,10715,1,0,new,,manual_review_language_category,medium
163,C:\Users\New\Documents\Libros epub\books_kb\.venv\Lib\site-packages\scipy\spatial\tests\data\pdist-minkowski-3.2-ml.txt,pdist-minkowski-3.2-ml.txt,.txt,0.003,f0eca54bec2c65bb66030ba55886c68c,pdist-minkowski-3.2-ml,Desconocido,unknown,pendiente_revision,570,1,0,new,,manual_review_language_category,medium
164,C:\Users\New\Documents\Libros epub\books_kb\.venv\Lib\site-packages\scipy\spatial\tests\data\pdist-minkowski-5.8-ml-iris.txt,pdist-minkowski-5.8-ml-iris.txt,.txt,0.171,fcd089d06d295c5204ec78239ae4532a,pdist-minkowski-5.8-ml-iris,Desconocido,unknown,pendiente_revision,10715,1,0,new,,manual_review_language_category,medium
165,C:\Users\New\Documents\Libros epub\books_kb\.venv\Lib\site-packages\scipy\spatial\tests\data\pdist-seuclidean-ml-iris.txt,pdist-seuclidean-ml-iris.txt,.txt,0.171,ab03ed4d210e207bb0845e7fccc2a3a2,pdist-seuclidean-ml-iris,Desconocido,unknown,pendiente_revision,10715,1,0,new,,manual_review_language_category,medium
166,C:\Users\New\Documents\Libros epub\books_kb\.venv\Lib\site-packages\scipy\spatial\tests\data\pdist-seuclidean-ml.txt,pdist-seuclidean-ml.txt,.txt,0.003,e97e0bcd78c938b5887bef8790aae857,pdist-seuclidean-ml,Desconocido,unknown,pendiente_revision,570,1,0,new,,manual_review_language_category,medium
167,C:\Users\New\Documents\Libros epub\books_kb\.venv\Lib\site-packages\scipy\spatial\tests\data\pdist-spearman-ml.txt,pdist-spearman-ml.txt,.txt,0.003,6719fe99963275a65f055753a00d3773,pdist-spearman-ml,Desconocido,unknown,pendiente_revision,570,1,0,new,,manual_review_language_category,medium
168,C:\Users\New\Documents\Libros epub\books_kb\.venv\Lib\site-packages\scipy\spatial\tests\data\random-bool-data.txt,random-bool-data.txt,.txt,0.006,d59163850b3a5e1ea4e28c2be7dd39bb,random-bool-data,Desconocido,unknown,pendiente_revision,3000,1,0,new,,manual_review_language_category,medium
169,C:\Users\New\Documents\Libros epub\books_kb\.venv\Lib\site-packages\scipy\spatial\tests\data\random-double-data.txt,random-double-data.txt,.txt,0.072,0b87c5d5a8febe195a6fcebe7eb5dcf6,random-double-data,Desconocido,unknown,pendiente_revision,6000,1,0,new,,manual_review_language_category,medium
170,C:\Users\New\Documents\Libros epub\books_kb\.venv\Lib\site-packages\scipy\spatial\tests\data\random-int-data.txt,random-int-data.txt,.txt,0.01,2d952ab81d8e483c6fc6ac10bded5653,random-int-data,Desconocido,unknown,pendiente_revision,3000,1,0,new,,manual_review_language_category,medium
171,C:\Users\New\Documents\Libros epub\books_kb\.venv\Lib\site-packages\scipy\spatial\tests\data\random-uint-data.txt,random-uint-data.txt,.txt,0.008,e995c2bf084b76323a20ee6e75f15878,random-uint-data,Desconocido,unknown,pendiente_revision,3000,1,0,new,,manual_review_language_category,medium
172,C:\Users\New\Documents\Libros epub\books_kb\.venv\Lib\site-packages\scipy\spatial\tests\data\selfdual-4d-polytope.txt,selfdual-4d-polytope.txt,.txt,0.0,5e2990017d98750394d284652ea9650a,selfdual-4d-polytope,Desconocido,en,pendiente_revision,141,1,0,new,,manual_review_language_category,medium
173,C:\Users\New\Documents\Libros epub\books_kb\.venv\Lib\site-packages\sentence_transformers-2.7.0.dist-info\NOTICE.txt,NOTICE.txt,.txt,0.0,36685a52867ecd740f024243b475f699,NOTICE,Desconocido,unknown,pendiente_revision,10,1,0,new,,manual_review_language_category,medium
174,C:\Users\New\Documents\Libros epub\books_kb\.venv\Lib\site-packages\sentence_transformers-2.7.0.dist-info\top_level.txt,top_level.txt,.txt,0.0,a7bae6fa1debd7655d488bc2a9e35974,top_level,Desconocido,unknown,pendiente_revision,1,1,0,new,,manual_review_language_category,medium
175,C:\Users\New\Documents\Libros epub\books_kb\.venv\Lib\site-packages\setuptools-81.0.0.dist-info\entry_points.txt,entry_points.txt,.txt,0.002,f7823e28f7dde216b07386a8f305853d,entry_points,Desconocido,unknown,pendiente_revision,221,1,0,new,,manual_review_language_category,medium
176,C:\Users\New\Documents\Libros epub\books_kb\.venv\Lib\site-packages\setuptools-81.0.0.dist-info\top_level.txt,top_level.txt,.txt,0.0,789a691c859dea4bb010d18728bad148,top_level,Desconocido,unknown,pendiente_revision,3,1,0,new,,manual_review_language_category,medium
177,C:\Users\New\Documents\Libros epub\books_kb\.venv\Lib\site-packages\setuptools\_vendor\autocommand-2.2.2.dist-info\top_level.txt,top_level.txt,.txt,0.0,c3fbd7931840d987f261beba8c77c4d2,top_level,Desconocido,unknown,pendiente_revision,1,1,0,new,,manual_review_language_category,medium
178,C:\Users\New\Documents\Libros epub\books_kb\.venv\Lib\site-packages\setuptools\_vendor\backports.tarfile-1.2.0.dist-info\top_level.txt,top_level.txt,.txt,0.0,9ba458821ad258b6ef62b47e91302982,top_level,Desconocido,unknown,pendiente_revision,1,1,0,new,,manual_review_language_category,medium
179,C:\Users\New\Documents\Libros epub\books_kb\.venv\Lib\site-packages\setuptools\_vendor\importlib_metadata-8.7.1.dist-info\top_level.txt,top_level.txt,.txt,0.0,a24465f7850ba59507bf86d89165525c,top_level,Desconocido,unknown,pendiente_revision,1,1,0,new,,manual_review_language_category,medium
180,C:\Users\New\Documents\Libros epub\books_kb\.venv\Lib\site-packages\setuptools\_vendor\jaraco.text-4.0.0.dist-info\top_level.txt,top_level.txt,.txt,0.0,0ba8d736b7b4ab182687318b0497e61e,top_level,Desconocido,unknown,pendiente_revision,1,1,0,new,,manual_review_language_category,medium
181,C:\Users\New\Documents\Libros epub\books_kb\.venv\Lib\site-packages\setuptools\_vendor\jaraco\text\Lorem ipsum.txt,Lorem ipsum.txt,.txt,0.001,4ce7501f6608f6ce4011d627979e1ae4,Lorem ipsum,Desconocido,unknown,pendiente_revision,201,1,0,new,,manual_review_language_category,medium
182,C:\Users\New\Documents\Libros epub\books_kb\.venv\Lib\site-packages\setuptools\_vendor\jaraco_context-6.1.0.dist-info\top_level.txt,top_level.txt,.txt,0.0,0ba8d736b7b4ab182687318b0497e61e,top_level,Desconocido,unknown,pendiente_revision,1,1,0,new,,manual_review_language_category,medium
183,C:\Users\New\Documents\Libros epub\books_kb\.venv\Lib\site-packages\setuptools\_vendor\jaraco_functools-4.4.0.dist-info\top_level.txt,top_level.txt,.txt,0.0,0ba8d736b7b4ab182687318b0497e61e,top_level,Desconocido,unknown,pendiente_revision,1,1,0,new,,manual_review_language_category,medium
184,C:\Users\New\Documents\Libros epub\books_kb\.venv\Lib\site-packages\setuptools\_vendor\wheel-0.46.3.dist-info\entry_points.txt,entry_points.txt,.txt,0.0,eeb0edcf9e2a85ba094ced336d5f1363,entry_points,Desconocido,unknown,pendiente_revision,11,1,0,new,,manual_review_language_category,medium
185,C:\Users\New\Documents\Libros epub\books_kb\.venv\Lib\site-packages\setuptools\_vendor\wheel-0.46.3.dist-info\licenses\LICENSE.txt,LICENSE.txt,.txt,0.001,7ffb0db04527cfe380e4f2726bd05ebf,LICENSE,Desconocido,en,pendiente_revision,172,1,0,new,,manual_review_language_category,medium
186,C:\Users\New\Documents\Libros epub\books_kb\.venv\Lib\site-packages\setuptools\_vendor\zipp-3.23.0.dist-info\top_level.txt,top_level.txt,.txt,0.0,9b929466ec7848714de24bcf75ae57cb,top_level,Desconocido,unknown,pendiente_revision,1,1,0,new,,manual_review_language_category,medium
187,C:\Users\New\Documents\Libros epub\books_kb\.venv\Lib\site-packages\setuptools\tests\config\setupcfg_examples.txt,setupcfg_examples.txt,.txt,0.002,2630e986ff45f901d4f5ba66d0ff3da7,setupcfg_examples,Desconocido,unknown,pendiente_revision,186,1,0,new,,manual_review_language_category,medium
188,C:\Users\New\Documents\Libros epub\books_kb\.venv\Lib\site-packages\setuptools\tests\indexes\test_links_priority\external.html,external.html,.html,0.0,efaf4d8f81365b7dd8b41909bb863780,external,Desconocido,unknown,pendiente_revision,3,1,0,new,,manual_review_language_category,medium
189,C:\Users\New\Documents\Libros epub\books_kb\.venv\Lib\site-packages\setuptools\tests\indexes\test_links_priority\simple\foobar\index.html,index.html,.html,0.0,8f6c384492448086db776d20426e088b,index,Desconocido,unknown,pendiente_revision,7,1,0,new,,manual_review_language_category,medium
190,C:\Users\New\Documents\Libros epub\books_kb\.venv\Lib\site-packages\shellingham-1.5.4.dist-info\top_level.txt,top_level.txt,.txt,0.0,0825daa8a3ca9cb5fc4f1970eeacc48b,top_level,Desconocido,unknown,pendiente_revision,1,1,0,new,,manual_review_language_category,medium
191,C:\Users\New\Documents\Libros epub\books_kb\.venv\Lib\site-packages\six-1.17.0.dist-info\top_level.txt,top_level.txt,.txt,0.0,5d2dfbea120f23e84e689374aa2ba84f,top_level,Desconocido,unknown,pendiente_revision,1,1,0,new,,manual_review_language_category,medium
192,C:\Users\New\Documents\Libros epub\books_kb\.venv\Lib\site-packages\sklearn\datasets\images\README.txt,README.txt,.txt,0.001,7bbf7cf9732c40719da03d462060b4cd,README,Desconocido,unknown,pendiente_revision,106,1,0,new,,manual_review_language_category,medium
193,C:\Users\New\Documents\Libros epub\books_kb\.venv\Lib\site-packages\sklearn\datasets\tests\data\svmlight_classification.txt,svmlight_classification.txt,.txt,0.0,795dbcca25f5cff99faa4c95bc307122,svmlight_classification,Desconocido,en,pendiente_revision,56,1,0,new,,manual_review_language_category,medium
194,C:\Users\New\Documents\Libros epub\books_kb\.venv\Lib\site-packages\sklearn\datasets\tests\data\svmlight_invalid.txt,svmlight_invalid.txt,.txt,0.0,3e7a5f95bc7cdcbe5b5b37a090ae3e11,svmlight_invalid,Desconocido,unknown,pendiente_revision,21,1,0,new,,manual_review_language_category,medium
195,C:\Users\New\Documents\Libros epub\books_kb\.venv\Lib\site-packages\sklearn\datasets\tests\data\svmlight_invalid_order.txt,svmlight_invalid_order.txt,.txt,0.0,d1b05042a8f390359cfcb574ba9b9ed7,svmlight_invalid_order,Desconocido,unknown,pendiente_revision,10,1,0,new,,manual_review_language_category,medium
196,C:\Users\New\Documents\Libros epub\books_kb\.venv\Lib\site-packages\sklearn\datasets\tests\data\svmlight_multilabel.txt,svmlight_multilabel.txt,.txt,0.0,617f41bb38e48f862e65be335a551939,svmlight_multilabel,Desconocido,unknown,pendiente_revision,31,1,0,new,,manual_review_language_category,medium
197,C:\Users\New\Documents\Libros epub\books_kb\.venv\Lib\site-packages\sklearn\externals\array_api_compat\README.md,README.md,.md,0.0,76afbe8764ee7f6cca1f793fef3f0ad6,README,Desconocido,unknown,pendiente_revision,7,1,0,new,,manual_review_language_category,medium
198,C:\Users\New\Documents\Libros epub\books_kb\.venv\Lib\site-packages\sklearn\externals\array_api_extra\README.md,README.md,.md,0.0,0cfd0c434c9e21b2a3b1f670b0bf96d8,README,Desconocido,unknown,pendiente_revision,7,1,0,new,,manual_review_language_category,medium
199,C:\Users\New\Documents\Libros epub\books_kb\.venv\Lib\site-packages\soupsieve-2.8.4.dist-info\licenses\LICENSE.md,LICENSE.md,.md,0.001,74851a2f1e5c07496dcb452af6a6bf54,LICENSE,Desconocido,en,pendiente_revision,171,1,0,new,,manual_review_language_category,medium
200,C:\Users\New\Documents\Libros epub\books_kb\.venv\Lib\site-packages\sympy-1.14.0.dist-info\entry_points.txt,entry_points.txt,.txt,0.0,366d367eaa9d1fbf478e6b1a1d432ee4,entry_points,Desconocido,unknown,pendiente_revision,4,1,0,new,,manual_review_language_category,medium
201,C:\Users\New\Documents\Libros epub\books_kb\.venv\Lib\site-packages\sympy-1.14.0.dist-info\top_level.txt,top_level.txt,.txt,0.0,6af6c0bcd9832b13c2bfbb39c8f57750,top_level,Desconocido,unknown,pendiente_revision,2,1,0,new,,manual_review_language_category,medium
202,C:\Users\New\Documents\Libros epub\books_kb\.venv\Lib\site-packages\sympy\parsing\autolev\test-examples\README.txt,README.txt,.txt,0.001,4900c831b135e9353183c6ef05fa4741,README,Desconocido,en,pendiente_revision,85,1,0,new,,manual_review_language_category,medium
203,C:\Users\New\Documents\Libros epub\books_kb\.venv\Lib\site-packages\sympy\parsing\latex\LICENSE.txt,LICENSE.txt,.txt,0.001,b70381bd640070cb20be9d6f93f47036,LICENSE,Desconocido,en,pendiente_revision,170,1,0,new,,manual_review_language_category,medium
204,C:\Users\New\Documents\Libros epub\books_kb\.venv\Lib\site-packages\tenacity-9.1.4.dist-info\top_level.txt,top_level.txt,.txt,0.0,9485542a5bf13548cc6d136f7c3feabe,top_level,Desconocido,unknown,pendiente_revision,1,1,0,new,,manual_review_language_category,medium
205,C:\Users\New\Documents\Libros epub\books_kb\.venv\Lib\site-packages\tiktoken-0.7.0.dist-info\top_level.txt,top_level.txt,.txt,0.0,542f28590795f029252d885391d28d79,top_level,Desconocido,unknown,pendiente_revision,2,1,0,new,,manual_review_language_category,medium
206,C:\Users\New\Documents\Libros epub\books_kb\.venv\Lib\site-packages\torch-2.12.1.dist-info\entry_points.txt,entry_points.txt,.txt,0.0,03a34256a7412ebd7caed476c794ed40,entry_points,Desconocido,unknown,pendiente_revision,20,1,0,new,,manual_review_language_category,medium
207,C:\Users\New\Documents\Libros epub\books_kb\.venv\Lib\site-packages\torch-2.12.1.dist-info\top_level.txt,top_level.txt,.txt,0.0,6e8a6cbdc9641477978ceeb67ecaae5a,top_level,Desconocido,unknown,pendiente_revision,3,1,0,new,,manual_review_language_category,medium
208,C:\Users\New\Documents\Libros epub\books_kb\.venv\Lib\site-packages\torch\utils\model_dump\skeleton.html,skeleton.html,.html,0.0,1cb08cfff59bd52dcfd3e7e505aa6bd7,skeleton,Desconocido,unknown,pendiente_revision,2,1,0,new,,manual_review_language_category,medium
209,C:\Users\New\Documents\Libros epub\books_kb\.venv\Lib\site-packages\torchgen\packaged\autograd\README.md,README.md,.md,0.0,648a103bbaffea4337c2fe3b6acf3399,README,Desconocido,en,pendiente_revision,25,1,0,new,,manual_review_language_category,medium
210,C:\Users\New\Documents\Libros epub\books_kb\.venv\Lib\site-packages\tqdm-4.66.4.dist-info\entry_points.txt,entry_points.txt,.txt,0.0,c6769783826aecd0242b7cfa5db3a780,entry_points,Desconocido,unknown,pendiente_revision,5,1,0,new,,manual_review_language_category,medium
211,C:\Users\New\Documents\Libros epub\books_kb\.venv\Lib\site-packages\tqdm-4.66.4.dist-info\top_level.txt,top_level.txt,.txt,0.0,0e9e1d61c217a23419ddc4bf5bf70525,top_level,Desconocido,unknown,pendiente_revision,1,1,0,new,,manual_review_language_category,medium
212,C:\Users\New\Documents\Libros epub\books_kb\.venv\Lib\site-packages\transformers-4.57.6.dist-info\entry_points.txt,entry_points.txt,.txt,0.0,8ee8e1f65e52ac5b946abb1c8f47e21f,entry_points,Desconocido,unknown,pendiente_revision,12,1,0,new,,manual_review_language_category,medium
213,C:\Users\New\Documents\Libros epub\books_kb\.venv\Lib\site-packages\transformers-4.57.6.dist-info\top_level.txt,top_level.txt,.txt,0.0,909ab8394051de93b12c3ca8d19a8561,top_level,Desconocido,unknown,pendiente_revision,1,1,0,new,,manual_review_language_category,medium
214,C:\Users\New\Documents\Libros epub\books_kb\.venv\Lib\site-packages\typer-0.26.8.dist-info\entry_points.txt,entry_points.txt,.txt,0.0,93ed84f98101e250743cff68a3cae2bb,entry_points,Desconocido,unknown,pendiente_revision,6,1,0,new,,manual_review_language_category,medium
215,C:\Users\New\Documents\Libros epub\books_kb\.venv\Lib\site-packages\typer\.agents\skills\typer\SKILL.md,SKILL.md,.md,0.006,75804d9ecd34539afa1658d5b694c319,SKILL,Desconocido,en,pendiente_revision,982,1,0,new,,manual_review_language_category,medium
216,C:\Users\New\Documents\Libros epub\books_kb\.venv\Lib\site-packages\typer\_click\LICENSE.txt,LICENSE.txt,.txt,0.001,1fa98232fd645608937a0fdc82e999b8,LICENSE,Desconocido,en,pendiente_revision,220,1,0,new,,manual_review_language_category,medium
217,C:\Users\New\Documents\Libros epub\books_kb\.venv\Lib\site-packages\urllib3-2.7.0.dist-info\licenses\LICENSE.txt,LICENSE.txt,.txt,0.001,52d273a3054ced561275d4d15260ecda,LICENSE,Desconocido,en,pendiente_revision,173,1,0,new,,manual_review_language_category,medium
218,C:\Users\New\Documents\Libros epub\books_kb\.venv\Lib\site-packages\uvicorn-0.49.0.dist-info\entry_points.txt,entry_points.txt,.txt,0.0,9bdb8f3b89d92dc69346c4e8e964e8ac,entry_points,Desconocido,unknown,pendiente_revision,5,1,0,new,,manual_review_language_category,medium
219,C:\Users\New\Documents\Libros epub\books_kb\.venv\Lib\site-packages\uvicorn-0.49.0.dist-info\licenses\LICENSE.md,LICENSE.md,.md,0.001,5c778842f66a649636561c423c0eec2e,LICENSE,Desconocido,en,pendiente_revision,227,1,0,new,,manual_review_language_category,medium
220,C:\Users\New\Documents\Libros epub\books_kb\.venv\Lib\site-packages\watchfiles-1.2.0.dist-info\entry_points.txt,entry_points.txt,.txt,0.0,969955982d784ed3222d4a02300bd2d6,entry_points,Desconocido,unknown,pendiente_revision,5,1,0,new,,manual_review_language_category,medium
221,C:\Users\New\Documents\Libros epub\books_kb\.venv\Lib\site-packages\websocket\tests\data\header01.txt,header01.txt,.txt,0.0,cc4fb9e8f3c530fd9b42055a54c5b7a3,header01,Desconocido,unknown,pendiente_revision,18,1,0,new,,manual_review_language_category,medium
222,C:\Users\New\Documents\Libros epub\books_kb\.venv\Lib\site-packages\websocket\tests\data\header02.txt,header02.txt,.txt,0.0,75cf7095157e8ebb6b0b91ee2b28b984,header02,Desconocido,unknown,pendiente_revision,18,1,0,new,,manual_review_language_category,medium
223,C:\Users\New\Documents\Libros epub\books_kb\.venv\Lib\site-packages\websocket\tests\data\header03.txt,header03.txt,.txt,0.0,a6d602a6805cbe045f4bde4b182c565e,header03,Desconocido,unknown,pendiente_revision,28,1,0,new,,manual_review_language_category,medium
224,C:\Users\New\Documents\Libros epub\books_kb\.venv\Lib\site-packages\websocket_client-1.9.0.dist-info\entry_points.txt,entry_points.txt,.txt,0.0,65254c3b31f6260da07091998058bdcf,entry_points,Desconocido,unknown,pendiente_revision,5,1,0,new,,manual_review_language_category,medium
225,C:\Users\New\Documents\Libros epub\books_kb\.venv\Lib\site-packages\websocket_client-1.9.0.dist-info\top_level.txt,top_level.txt,.txt,0.0,71c6c146d1cd29f93bb2183d9500b500,top_level,Desconocido,unknown,pendiente_revision,1,1,0,new,,manual_review_language_category,medium
226,C:\Users\New\Documents\Libros epub\books_kb\.venv\Lib\site-packages\websockets-16.0.dist-info\entry_points.txt,entry_points.txt,.txt,0.0,13d62d47a7efe53fedbdebe3fb3654c7,entry_points,Desconocido,unknown,pendiente_revision,5,1,0,new,,manual_review_language_category,medium
227,C:\Users\New\Documents\Libros epub\books_kb\.venv\Lib\site-packages\websockets-16.0.dist-info\top_level.txt,top_level.txt,.txt,0.0,f36b810914d17b7d95a034db8477fece,top_level,Desconocido,unknown,pendiente_revision,1,1,0,new,,manual_review_language_category,medium
228,C:\Users\New\Documents\Libros epub\books_kb\.venv\Lib\site-packages\yarl-1.24.2.dist-info\top_level.txt,top_level.txt,.txt,0.0,27964b21b4567dc07a0f989ae2cbaa05,top_level,Desconocido,unknown,pendiente_revision,1,1,0,new,,manual_review_language_category,medium
229,C:\Users\New\Documents\Libros epub\books_kb\5 enseñanzas de los 22 libros.html,5 enseñanzas de los 22 libros.html,.html,0.01,b4c5f0638e834f82f71458f74bb5c0c8,5 enseñanzas de los 22 libros,Desconocido,es,text_game,692,1,0,new,,manual_review_language_category,medium
230,C:\Users\New\Documents\Libros epub\books_kb\arquitectura.html,arquitectura.html,.html,0.021,621aee03fb53fa42bfd20bcaa1937350,arquitectura,Desconocido,es,text_game,1748,1,0,new,,manual_review_language_category,medium
231,C:\Users\New\Documents\Libros epub\books_kb\AUDITORIA_OPTIMIZACION_TERCERA_PASADA.md,AUDITORIA_OPTIMIZACION_TERCERA_PASADA.md,.md,0.003,99ed50c5fe96aa4c4cd716dfed56722f,AUDITORIA_OPTIMIZACION_TERCERA_PASADA,Desconocido,es,text_game,462,1,0,new,,manual_review_language_category,medium
232,C:\Users\New\Documents\Libros epub\books_kb\docs\analisis_libros_desarrollo_ia_extracted.txt,analisis_libros_desarrollo_ia_extracted.txt,.txt,0.024,098c805713ab0aa68233e028f8b898ef,analisis_libros_desarrollo_ia_extracted,Desconocido,es,text_game,3417,1,0,new,,manual_review_language_category,medium
233,C:\Users\New\Documents\Libros epub\books_kb\docs\arquitectura_original_antigravity.html,arquitectura_original_antigravity.html,.html,0.019,0153f239bdce9e80293a22cba7893d84,arquitectura_original_antigravity,Desconocido,es,text_game,955,1,0,new,,manual_review_language_category,medium
234,C:\Users\New\Documents\Libros epub\books_kb\ENTREGA_ANTIGRAVITY.md,ENTREGA_ANTIGRAVITY.md,.md,0.003,111a5cf82fbae9e711ac61acc5765710,ENTREGA_ANTIGRAVITY,Desconocido,es,text_game,342,1,0,new,,manual_review_language_category,medium
235,C:\Users\New\Documents\Libros epub\books_kb\exports\ocr_capturas_swipe\pag129_numero.txt,pag129_numero.txt,.txt,0.001,56810e05b683cedc85f2878278777960,pag129_numero,Desconocido,es,text_game,91,1,0,new,,manual_review_language_category,medium
236,C:\Users\New\Documents\Libros epub\books_kb\exports\ocr_capturas_swipe\pag131_foto.txt,pag131_foto.txt,.txt,0.0,6f2efdc63ef40667780d1a8289d1f863,pag131_foto,Desconocido,en,text_game,78,1,0,new,,manual_review_language_category,medium
237,C:\Users\New\Documents\Libros epub\books_kb\exports\ocr_capturas_swipe\pag166_momentos.txt,pag166_momentos.txt,.txt,0.001,ca436763190b552e1e95c92b8546f70e,pag166_momentos,Desconocido,es,text_game,161,1,0,new,,manual_review_language_category,medium
238,C:\Users\New\Documents\Libros epub\books_kb\exports\ocr_capturas_swipe\pag179_final.txt,pag179_final.txt,.txt,0.0,fba8f85a56a726aa9c01d30440e053da,pag179_final,Desconocido,es,pendiente_revision,25,1,0,new,,manual_review_language_category,medium
239,C:\Users\New\Documents\Libros epub\books_kb\exports\ocr_capturas_swipe\pag80_bio.txt,pag80_bio.txt,.txt,0.001,e751ff107bc9c454fa9b4c6878e27605,pag80_bio,Desconocido,es,text_game,193,1,0,new,,manual_review_language_category,medium
240,C:\Users\New\Documents\Libros epub\books_kb\exports\ocr_images\book_15_0027_index-34_1.txt,book_15_0027_index-34_1.txt,.txt,0.0,c214ee346c640dd9d9d93f110c69b380,book_15_0027_index-34_1,Desconocido,unknown,pendiente_revision,47,1,0,new,,manual_review_language_category,medium
241,C:\Users\New\Documents\Libros epub\books_kb\exports\ocr_images\book_15_0031_index-38_1.txt,book_15_0031_index-38_1.txt,.txt,0.001,3ddc8fd760ef1d371d1d7fcd120d12ff,book_15_0031_index-38_1,Desconocido,en,seduccion_general,217,1,0,new,,manual_review_language_category,medium
242,C:\Users\New\Documents\Libros epub\books_kb\exports\ocr_images\book_15_0035_index-41_1.txt,book_15_0035_index-41_1.txt,.txt,0.001,8f618160456c534cc8d88e0b0d99681f,book_15_0035_index-41_1,Desconocido,en,seduccion_general,126,1,0,new,,manual_review_language_category,medium
243,C:\Users\New\Documents\Libros epub\books_kb\exports\ocr_images\book_15_0040_index-46_1.txt,book_15_0040_index-46_1.txt,.txt,0.001,644a0a66f411c37c9547972939e4e439,book_15_0040_index-46_1,Desconocido,en,seduccion_general,108,1,0,new,,manual_review_language_category,medium
244,C:\Users\New\Documents\Libros epub\books_kb\exports\ocr_images\book_15_0043_index-49_1.txt,book_15_0043_index-49_1.txt,.txt,0.0,ac5c21a153ecc07452394dac4c6f7311,book_15_0043_index-49_1,Desconocido,en,text_game,51,1,0,new,,manual_review_language_category,medium
245,C:\Users\New\Documents\Libros epub\books_kb\INFORME_REPASADA_SWIPE_SEDUCTION.md,INFORME_REPASADA_SWIPE_SEDUCTION.md,.md,0.003,27292a337295e3b9e1360ff860e9abf4,INFORME_REPASADA_SWIPE_SEDUCTION,Desconocido,es,text_game,422,1,0,new,,manual_review_language_category,medium
246,C:\Users\New\Documents\Libros epub\books_kb\INFORME_VERIFICACION_5_CAPTURAS_SWIPE.md,INFORME_VERIFICACION_5_CAPTURAS_SWIPE.md,.md,0.003,cc00b2aa85c12a4ff6e467968c73f27f,INFORME_VERIFICACION_5_CAPTURAS_SWIPE,Desconocido,es,text_game,401,1,0,new,,manual_review_language_category,medium
247,C:\Users\New\Documents\Libros epub\books_kb\mapa_db_natalia.html,mapa_db_natalia.html,.html,0.006,ac8e267544ed3201654494b99fa21701,mapa_db_natalia,Desconocido,es,text_game,304,1,0,new,,manual_review_language_category,medium
248,C:\Users\New\Documents\Libros epub\books_kb\ocr_cache\035c120544d6ff14aafa7273f3257b06.txt,035c120544d6ff14aafa7273f3257b06.txt,.txt,0.0,10775f47be43b4f6a28c7bb7a2780427,035c120544d6ff14aafa7273f3257b06,Desconocido,en,seduccion_general,44,1,0,new,,manual_review_language_category,medium
249,C:\Users\New\Documents\Libros epub\books_kb\ocr_cache\6e0d9e94bf80ae9bc5880144a239d96d.txt,6e0d9e94bf80ae9bc5880144a239d96d.txt,.txt,0.001,e3796767077282ab89addddbcdb30c44,6e0d9e94bf80ae9bc5880144a239d96d,Desconocido,en,seduccion_general,125,1,0,new,,manual_review_language_category,medium
250,C:\Users\New\Documents\Libros epub\books_kb\ocr_cache\79829979f3fe17eaeea9be0f62c8d517.txt,79829979f3fe17eaeea9be0f62c8d517.txt,.txt,0.001,b45aaddaf267a284d7d708d8294bae98,79829979f3fe17eaeea9be0f62c8d517,Desconocido,en,seduccion_general,101,1,0,new,,manual_review_language_category,medium
251,C:\Users\New\Documents\Libros epub\books_kb\ocr_cache\dfb1d7ff1c380fd9f50c7fa2c9c58a8e.txt,dfb1d7ff1c380fd9f50c7fa2c9c58a8e.txt,.txt,0.0,24acbf794803d94a2ce4d82a2b902bee,dfb1d7ff1c380fd9f50c7fa2c9c58a8e,Desconocido,en,text_game,52,1,0,new,,manual_review_language_category,medium
252,C:\Users\New\Documents\Libros epub\books_kb\ocr_cache\f6624fdc89b272830741225a27e24a0c.txt,f6624fdc89b272830741225a27e24a0c.txt,.txt,0.001,3ddc8fd760ef1d371d1d7fcd120d12ff,f6624fdc89b272830741225a27e24a0c,Desconocido,en,seduccion_general,217,1,0,new,,manual_review_language_category,medium
253,C:\Users\New\Documents\Libros epub\books_kb\process_log.txt,process_log.txt,.txt,0.006,0ab3341dcaa165237afd77273f71e3dc,process_log,Desconocido,en,text_game,1208,1,0,new,,manual_review_language_category,medium
254,C:\Users\New\Documents\Libros epub\books_kb\PROMPT_PARA_ANTIGRAVITY.txt,PROMPT_PARA_ANTIGRAVITY.txt,.txt,0.009,e4972bc95e17f9f543115dbfb78ffc79,PROMPT_PARA_ANTIGRAVITY,Desconocido,es,text_game,1272,1,0,new,,manual_review_language_category,medium
255,C:\Users\New\Documents\Libros epub\books_kb\raw_texts\libro_01_raw.txt,libro_01_raw.txt,.txt,0.02,392b91b0a3ba65ff3db8488e7a0c9db4,libro_01_raw,Desconocido,es,text_game,3068,1,0,new,,manual_review_language_category,medium
256,C:\Users\New\Documents\Libros epub\books_kb\raw_texts\libro_02_raw.txt,libro_02_raw.txt,.txt,0.021,1035310ee3cd779686b6069b5a9d403e,libro_02_raw,Desconocido,es,text_game,2421,1,0,new,,manual_review_language_category,medium
257,C:\Users\New\Documents\Libros epub\books_kb\raw_texts\libro_03_raw.txt,libro_03_raw.txt,.txt,0.019,d84d30bc9ecb1e6b88831aad2604aae2,libro_03_raw,Desconocido,es,pendiente_revision,2707,1,0,new,,manual_review_language_category,medium
258,C:\Users\New\Documents\Libros epub\books_kb\raw_texts\libro_04_raw.txt,libro_04_raw.txt,.txt,0.353,571d2b23152c63e58421eaf8a1826ac8,libro_04_raw,Desconocido,es,text_game,8789,1,0,new,,manual_review_language_category,medium
259,C:\Users\New\Documents\Libros epub\books_kb\raw_texts\libro_05_raw.txt,libro_05_raw.txt,.txt,0.016,3a6655967e9773f78b76809f87c0c8d3,libro_05_raw,Desconocido,es,psicologia_femenina,2564,1,0,new,,manual_review_language_category,medium
260,C:\Users\New\Documents\Libros epub\books_kb\raw_texts\libro_06_raw.txt,libro_06_raw.txt,.txt,0.422,2bb5f9486661a91a4c4ba63c10dd07b5,libro_06_raw,Desconocido,es,psicologia_femenina,8737,1,0,new,,manual_review_language_category,medium
261,C:\Users\New\Documents\Libros epub\books_kb\raw_texts\libro_07_raw.txt,libro_07_raw.txt,.txt,0.035,c76cc41f824d02c9bb560aa834fad515,libro_07_raw,Desconocido,es,psicologia_femenina,3621,1,0,new,,manual_review_language_category,medium
262,C:\Users\New\Documents\Libros epub\books_kb\raw_texts\libro_08_raw.txt,libro_08_raw.txt,.txt,0.069,d565d344a17a104c19f4c321b31026f1,libro_08_raw,Desconocido,es,psicologia_femenina,8781,1,0,new,,manual_review_language_category,medium
263,C:\Users\New\Documents\Libros epub\books_kb\raw_texts\libro_09_raw.txt,libro_09_raw.txt,.txt,0.021,1024b5db333b6f2ae3c441ee86af5f97,libro_09_raw,Desconocido,es,psicologia_femenina,3394,1,0,new,,manual_review_language_category,medium
264,C:\Users\New\Documents\Libros epub\books_kb\raw_texts\libro_10_raw.txt,libro_10_raw.txt,.txt,0.059,c64a6f5e63533378961c01101b2ea3d1,libro_10_raw,Desconocido,es,text_game,6583,1,0,new,,manual_review_language_category,medium
265,C:\Users\New\Documents\Libros epub\books_kb\raw_texts\libro_11_raw.txt,libro_11_raw.txt,.txt,0.049,73f1a5dbad9388bf980c908348e56b39,libro_11_raw,Desconocido,es,psicologia_femenina,8346,1,0,new,,manual_review_language_category,medium
266,C:\Users\New\Documents\Libros epub\books_kb\raw_texts\libro_12_raw.txt,libro_12_raw.txt,.txt,0.066,8656fead2c65350523623ef83eddb5ab,libro_12_raw,Desconocido,es,psicologia_femenina,8665,1,0,new,,manual_review_language_category,medium
267,C:\Users\New\Documents\Libros epub\books_kb\raw_texts\libro_13_raw.txt,libro_13_raw.txt,.txt,0.054,a69b969209b2f2f7350bd6bfa3f63461,libro_13_raw,Desconocido,es,psicologia_femenina,6021,1,0,new,,manual_review_language_category,medium
268,C:\Users\New\Documents\Libros epub\books_kb\raw_texts\libro_14_raw.txt,libro_14_raw.txt,.txt,0.363,29a51e0bd3394aadd4470f16bd2b069b,libro_14_raw,Desconocido,es,pendiente_revision,8633,1,0,new,,manual_review_language_category,medium
269,C:\Users\New\Documents\Libros epub\books_kb\raw_texts\libro_15_raw.txt,libro_15_raw.txt,.txt,0.106,34740706bf5469709230c0ee325193b8,libro_15_raw,Desconocido,es,text_game,8303,1,0,new,,manual_review_language_category,medium
270,C:\Users\New\Documents\Libros epub\books_kb\raw_texts\libro_16_raw.txt,libro_16_raw.txt,.txt,0.112,409ead6f45e48149eccb40525caaa7e5,libro_16_raw,Desconocido,es,psicologia_femenina,8779,1,0,new,,manual_review_language_category,medium
271,C:\Users\New\Documents\Libros epub\books_kb\raw_texts\libro_17_raw.txt,libro_17_raw.txt,.txt,0.059,0cc25124344168fcb5c761bb98472c8d,libro_17_raw,Desconocido,es,text_game,6673,1,0,new,,manual_review_language_category,medium
272,C:\Users\New\Documents\Libros epub\books_kb\raw_texts\libro_18_raw.txt,libro_18_raw.txt,.txt,0.035,36139fc585127f14ea3500d6b30f03e7,libro_18_raw,Desconocido,es,text_game,3938,1,0,new,,manual_review_language_category,medium
273,C:\Users\New\Documents\Libros epub\books_kb\raw_texts\libro_19_raw.txt,libro_19_raw.txt,.txt,0.181,493196da571ea26a1576ab06d800b9e7,libro_19_raw,Desconocido,es,text_game,8808,1,0,new,,manual_review_language_category,medium
274,C:\Users\New\Documents\Libros epub\books_kb\raw_texts\libro_20_raw.txt,libro_20_raw.txt,.txt,0.018,7ec5fae9de8848721edd7e96c0305f03,libro_20_raw,Desconocido,es,text_game,2963,1,0,new,,manual_review_language_category,medium
275,C:\Users\New\Documents\Libros epub\books_kb\raw_texts\libro_21_raw.txt,libro_21_raw.txt,.txt,0.022,850c220e5084349226de5ca3e5bfbd22,libro_21_raw,Desconocido,es,text_game,2350,1,0,new,,manual_review_language_category,medium
276,C:\Users\New\Documents\Libros epub\books_kb\raw_texts\libro_22_raw.txt,libro_22_raw.txt,.txt,0.096,c2e425c2416bc0473bb5f3e12adb356b,libro_22_raw,Desconocido,es,text_game,8062,1,0,new,,manual_review_language_category,medium
277,C:\Users\New\Documents\Libros epub\books_kb\README_CODEX.md,README_CODEX.md,.md,0.005,ac0e082177e02690f15d7de11dad5141,README_CODEX,Desconocido,es,text_game,605,1,0,new,,manual_review_language_category,medium
278,C:\Users\New\Documents\Libros epub\books_kb\REPORTE_FINAL.md,REPORTE_FINAL.md,.md,0.005,872e649e7433e5e81f136d51984c80fa,REPORTE_FINAL,Desconocido,es,text_game,762,1,0,new,,manual_review_language_category,medium
279,C:\Users\New\Documents\Libros epub\books_kb\requirements.txt,requirements.txt,.txt,0.0,9433c8f38bebd7e48819601c7bf2447d,requirements,Desconocido,unknown,pendiente_revision,45,1,0,new,,manual_review_language_category,medium
280,C:\Users\New\Documents\Libros epub\books_kb\SEGUNDA_PASADA_CONVERSACIONES.md,SEGUNDA_PASADA_CONVERSACIONES.md,.md,0.002,63ac4d87a7d263fabaf0bd6fd3943959,SEGUNDA_PASADA_CONVERSACIONES,Desconocido,es,text_game,216,1,0,new,,manual_review_language_category,medium
281,"C:\Users\New\Documents\Libros epub\books_kb\source_books\11 texts to make her wet in excitement (Masculinitylibrary.sk, 1lib.sk, z-lib.sk) es-419 - Desconocido.epub","11 texts to make her wet in excitement (Masculinitylibrary.sk, 1lib.sk, z-lib.sk) es-419 - Desconocido.epub",.epub,0.137,df6cbac528fbcef354b6ea4902db888f,"11 texts to make her wet in excitement (Masculinity Rediscovered) (z-library.sk, 1lib.sk, z-lib.sk) es-419",Desconocido,es,text_game,3054,4,3,duplicate,hash_md5 already exists in books_index.sqlite,skip,low
282,"C:\Users\New\Documents\Libros epub\books_kb\source_books\150_ Best Tinder Pick Up Lines To FINALLY Make Her Answer You - Felipe, Jacob.epub","150_ Best Tinder Pick Up Lines To FINALLY Make Her Answer You - Felipe, Jacob.epub",.epub,0.668,a665c34544ee2f0a0751d8d8faa057d0,150+ Best Tinder Pick Up Lines To FINALLY Make Her Answer You,"Felipe, Jacob",es,text_game,2409,2,16,duplicate,hash_md5 already exists in books_index.sqlite,skip,low
283,C:\Users\New\Documents\Libros epub\books_kb\source_books\43 mensajes de texto sex - Darlene Dion.epub,43 mensajes de texto sex - Darlene Dion.epub,.epub,3.754,0c0e76e42de1fb764d9bedeb49cb5918,43 mensajes de texto sex,Darlene Dion,es,pendiente_revision,2676,3,139,duplicate,hash_md5 already exists in books_index.sqlite,skip,low
284,C:\Users\New\Documents\Libros epub\books_kb\source_books\52-First-Dates.epub,52-First-Dates.epub,.epub,0.194,e45ed0d15f19db72fae6e5b056641665,52 First Dates | Part 2: A Dating Memoir & Handbook,Unknown,es,text_game,8768,3,1,duplicate,hash_md5 already exists in books_index.sqlite,skip,low
285,C:\Users\New\Documents\Libros epub\books_kb\source_books\Charismatic-Questions-that-make-Women.epub,Charismatic-Questions-that-make-Women.epub,.epub,0.831,e2c329395937d00c5178916da376eb3d,285dcbdf6db74d92ab16bc6b4f6bd842,Unknown,es,psicologia_femenina,2551,1,21,duplicate,hash_md5 already exists in books_index.sqlite,skip,low
286,C:\Users\New\Documents\Libros epub\books_kb\source_books\Charlas sexy - Bobby Rio.epub,Charlas sexy - Bobby Rio.epub,.epub,1.22,0dd85972fe0f64c0dd9769ebdaf8dc60,Charlas sexy,Bobby Rio,es,psicologia_femenina,8743,13,438,duplicate,hash_md5 already exists in books_index.sqlite,skip,low
287,C:\Users\New\Documents\Libros epub\books_kb\source_books\Cheat Sheet - Race DePriest.epub,Cheat Sheet - Race DePriest.epub,.epub,3.91,c71dda26d2bdd8a172a1f33647218011,Cheat Sheet,Race DePriest,es,psicologia_femenina,3398,3,26,duplicate,hash_md5 already exists in books_index.sqlite,skip,low
288,C:\Users\New\Documents\Libros epub\books_kb\source_books\DAYGAME_-The-no-bullshit-guide-to-meeting-women-in-real-life1.epub,DAYGAME_-The-no-bullshit-guide-to-meeting-women-in-real-life1.epub,.epub,1.559,8b8c6d72cfc80e61daf4262a546ccd93,"DAYGAME: The no-bullshit guide to meeting women in real life and mastering the art of daygame \(daygame, seduction, get girls, pick up, game, truedaygame\) - PDFDrive.com",Anders Martinez,es,psicologia_femenina,8781,7,14,duplicate,hash_md5 already exists in books_index.sqlite,skip,low
289,C:\Users\New\Documents\Libros epub\books_kb\source_books\Desbloquea Sus Piernas version gratis - Bobby Rio.epub,Desbloquea Sus Piernas version gratis - Bobby Rio.epub,.epub,1.486,c9d7ff723f1f297d6357a65dba766cdb,Desbloquea Sus Piernas version gratis,Bobby Rio,es,psicologia_femenina,3189,5,32,duplicate,hash_md5 already exists in books_index.sqlite,skip,low
290,"C:\Users\New\Documents\Libros epub\books_kb\source_books\How to approach women in everyday situations Learn how to flirt up any girl In the street, at your local store - Lucas Lautier.epub","How to approach women in everyday situations Learn how to flirt up any girl In the street, at your local store - Lucas Lautier.epub",.epub,2.296,2eb1864e1b616ca225944b7efc55aae3,"How to approach women in everyday situations Learn how to flirt and pick up any girl In the street, at your local store",Lucas Lautier,es,text_game,6568,3,46,duplicate,hash_md5 already exists in books_index.sqlite,skip,low
291,C:\Users\New\Documents\Libros epub\books_kb\source_books\Make her Beg you to bang her - Bobby Rio.epub,Make her Beg you to bang her - Bobby Rio.epub,.epub,5.653,aef327e1de04a973173849de66dd16b8,Make her Beg you to bang her,Bobby Rio,es,psicologia_femenina,8252,3,109,duplicate,hash_md5 already exists in books_index.sqlite,skip,low
292,C:\Users\New\Documents\Libros epub\books_kb\source_books\Pick-Up-Artist-Method_-SEDUCTION_-DAYGAME.epub,Pick-Up-Artist-Method_-SEDUCTION_-DAYGAME.epub,.epub,0.125,4ba6867e13a85c5b9b0a3abe6094d581,"Pick-Up Artist Method: SEDUCTION, DAYGAME & HOW TO TALK TO GIRLS: Available to download on amazon kindle. Attract women with this seduction guide.Seduction secrets and dating explained for men","Phoenix, Rob",es,psicologia_femenina,8593,15,15,duplicate,hash_md5 already exists in books_index.sqlite,skip,low
293,C:\Users\New\Documents\Libros epub\books_kb\source_books\Profile Magic - Race DePriest.epub,Profile Magic - Race DePriest.epub,.epub,1.479,6893c30bf464d0922cf0d8763c2419d5,Profile Magic,Race DePriest,es,psicologia_femenina,5941,2,28,duplicate,hash_md5 already exists in books_index.sqlite,skip,low
294,C:\Users\New\Documents\Libros epub\books_kb\source_books\Rejection Proof_ How I Beat Fear and Became Invincible Through 100 Days of Rejection - PDF Room es-419.epub,Rejection Proof_ How I Beat Fear and Became Invincible Through 100 Days of Rejection - PDF Room es-419.epub,.epub,1.208,8fcec9bfb6dc6f41720bdc30c7923bab,Rejection Proof: How I Beat Fear and Became Invincible Through 100 Days of Rejection - PDFDrive.com,Jia Jiang,es,pendiente_revision,5484,106,32,duplicate,hash_md5 already exists in books_index.sqlite,skip,low
295,C:\Users\New\Documents\Libros epub\books_kb\source_books\Swipe Seduction The Ultimate Guide For Dating on Tinder - Race DePriest.epub,Swipe Seduction The Ultimate Guide For Dating on Tinder - Race DePriest.epub,.epub,8.218,e32a4055114f00ff19d544f2541f7d9e,Swipe Seduction The Ultimate Guide For Dating on Tinder,Race DePriest,es,text_game,8303,2,68,duplicate,hash_md5 already exists in books_index.sqlite,skip,low
296,C:\Users\New\Documents\Libros epub\books_kb\source_books\Text 2 Sex Turn Her on With Text - Race DePriest.epub,Text 2 Sex Turn Her on With Text - Race DePriest.epub,.epub,6.972,a8ee20ce0a7dd1ba3e9d1e3b7e78a18b,Text 2 Sex Turn Her on With Text,Race DePriest,es,psicologia_femenina,8778,2,84,duplicate,hash_md5 already exists in books_index.sqlite,skip,low
297,C:\Users\New\Documents\Libros epub\books_kb\source_books\Text Game Mastery - Race DePriest (1).epub,Text Game Mastery - Race DePriest (1).epub,.epub,4.894,5e26e6af9f56d60e6f72e8b26b4f7d00,Text Game Mastery,Race DePriest,es,text_game,6453,2,33,duplicate,hash_md5 already exists in books_index.sqlite,skip,low
298,C:\Users\New\Documents\Libros epub\books_kb\source_books\Text Game Mastery - Race DePriest.epub,Text Game Mastery - Race DePriest.epub,.epub,4.894,74a4974464f904e7e7365176f398437f,Text Game Mastery,Race DePriest,es,text_game,6453,2,33,possible_duplicate,normalized title/author already exists,manual_review_before_ingest,medium
299,C:\Users\New\Documents\Libros epub\books_kb\source_books\Texts To Get Her Back - Race DePriest.epub,Texts To Get Her Back - Race DePriest.epub,.epub,0.107,81d25239f4e803d4ce3aaace1c4e33eb,Texts To Get Her Back,Race DePriest,es,text_game,3925,2,21,duplicate,hash_md5 already exists in books_index.sqlite,skip,low
300,"C:\Users\New\Documents\Libros epub\books_kb\source_books\The Bad Boy, The Alpha Male Mens Naughty Dating G-library.sk, 1lib.sk, z-lib.sk) es-419 - J. Covey.epub","The Bad Boy, The Alpha Male Mens Naughty Dating G-library.sk, 1lib.sk, z-lib.sk) es-419 - J. Covey.epub",.epub,3.26,efe0ab3fb9502a022cdb74a67ee7ea10,"The Bad Boy, The Alpha Male Mens Naughty Dating Guide to Being the Man Every Woman Craves and Falls In Love with Even When… (J. Covey) (z-library.sk, 1lib.sk, z-lib.sk) es-419",J. Covey,es,text_game,4401,72,132,duplicate,hash_md5 already exists in books_index.sqlite,skip,low
301,C:\Users\New\Documents\Libros epub\books_kb\source_books\The-Texting-Bible-Master.epub,The-Texting-Bible-Master.epub,.epub,0.045,0c5863cc59be5c6699ccb512b8446ac2,9a8f9967effc4023db448f53b7b9d598,Unknown,es,text_game,2961,1,3,duplicate,hash_md5 already exists in books_index.sqlite,skip,low
302,C:\Users\New\Documents\Libros epub\books_kb\source_books\Tinder Decoded The Blueprint To Creating Your Ultimate Online Dile (Ultimate Tinder Profile Book 1 - teven Fowl Carlo Del Mazo.epub,Tinder Decoded The Blueprint To Creating Your Ultimate Online Dile (Ultimate Tinder Profile Book 1 - teven Fowl Carlo Del Mazo.epub,.epub,0.305,119fb633b7f6cc825219e908f1aee77e,Tinder Decoded The Blueprint To Creating Your Ultimate Online Dating Profile (Ultimate Tinder Profile Book 1,teven Fowl Carlo Del Mazo,es,text_game,2308,2,36,duplicate,hash_md5 already exists in books_index.sqlite,skip,low
303,C:\Users\New\Documents\Libros epub\books_kb\source_books\Tinder Pickup Artist Bootcamp The Guide to Becoming a Player on Tinder - Aidan Upto.epub,Tinder Pickup Artist Bootcamp The Guide to Becoming a Player on Tinder - Aidan Upto.epub,.epub,1.041,eb60bfc3119dd04bacff04c58be65d9c,Tinder Pickup Artist Bootcamp The Guide to Becoming a Player on Tinder,Aidan Upto,es,text_game,8062,2,88,duplicate,hash_md5 already exists in books_index.sqlite,skip,low
304,C:\Users\New\Documents\Libros epub\Charismatic-Questions-that-make-Women.epub,Charismatic-Questions-that-make-Women.epub,.epub,0.831,e2c329395937d00c5178916da376eb3d,285dcbdf6db74d92ab16bc6b4f6bd842,Unknown,es,psicologia_femenina,2551,1,21,duplicate,hash_md5 already exists in books_index.sqlite,skip,low
305,C:\Users\New\Documents\Libros epub\Charlas sexy - Bobby Rio.epub,Charlas sexy - Bobby Rio.epub,.epub,1.22,0dd85972fe0f64c0dd9769ebdaf8dc60,Charlas sexy,Bobby Rio,es,psicologia_femenina,8743,13,438,duplicate,hash_md5 already exists in books_index.sqlite,skip,low
306,C:\Users\New\Documents\Libros epub\Cheat Sheet - Race DePriest.epub,Cheat Sheet - Race DePriest.epub,.epub,3.91,c71dda26d2bdd8a172a1f33647218011,Cheat Sheet,Race DePriest,es,psicologia_femenina,3398,3,26,duplicate,hash_md5 already exists in books_index.sqlite,skip,low
307,"C:\Users\New\Documents\Libros epub\Conquer Tinder The Official Tinder Playbook (Chris Harders) (z-library.sk, 1lib.sk, z-lib.sk).epub","Conquer Tinder The Official Tinder Playbook (Chris Harders) (z-library.sk, 1lib.sk, z-lib.sk).epub",.epub,2.793,8c51f71f4d0cc415a92404c55fe6698a,Conquer Tinder: The Official Tinder Playbook,Chris Harders,en,text_game,3052,64,35,new,,translate_to_latam_then_ingest_then_qa,high
308,"C:\Users\New\Documents\Libros epub\Conversation Casanova How to Effortlessly Start Conversations and Flirt Like a Pro (Dave Perrotta) (z-library.sk, 1lib.sk, z-lib.sk).epub","Conversation Casanova How to Effortlessly Start Conversations and Flirt Like a Pro (Dave Perrotta) (z-library.sk, 1lib.sk, z-lib.sk).epub",.epub,0.241,96f425e91b9ab2c0ebd6e26f22ceb180,Conversation Casanova: How to Effortlessly Start Conversations and Flirt Like a Pro,Dave Perrotta,en,text_game,3169,119,2,new,,translate_to_latam_then_ingest_then_qa,high
309,"C:\Users\New\Documents\Libros epub\Conversation Casanova Mastery 2.0 48 Conversation Tactics and Mindsets to Start Conversations, Text like a Texting Master, and… (Cory Smith) (z-library.sk, 1lib.sk, z-lib.sk).epub","Conversation Casanova Mastery 2.0 48 Conversation Tactics and Mindsets to Start Conversations, Text like a Texting Master, and… (Cory Smith) (z-library.sk, 1lib.sk, z-lib.sk).epub",.epub,3.189,a456181966be4682674be8475c31bb6e,"Conversation Casanova Mastery 2.0: 48 Conversation Tactics and Mindsets to Start Conversations, Text like a Texting Master, and Flirt with Women like a Pro (Make Her Chase You Book 1)",Cory Smith,en,seduccion_general,8710,227,38,new,,translate_to_latam_then_ingest_then_qa,high
310,C:\Users\New\Documents\Libros epub\DAYGAME_-The-no-bullshit-guide-to-meeting-women-in-real-life1.epub,DAYGAME_-The-no-bullshit-guide-to-meeting-women-in-real-life1.epub,.epub,1.559,8b8c6d72cfc80e61daf4262a546ccd93,"DAYGAME: The no-bullshit guide to meeting women in real life and mastering the art of daygame \(daygame, seduction, get girls, pick up, game, truedaygame\) - PDFDrive.com",Anders Martinez,es,psicologia_femenina,8781,7,14,duplicate,hash_md5 already exists in books_index.sqlite,skip,low
311,C:\Users\New\Documents\Libros epub\Desbloquea Sus Piernas version gratis - Bobby Rio.epub,Desbloquea Sus Piernas version gratis - Bobby Rio.epub,.epub,1.486,c9d7ff723f1f297d6357a65dba766cdb,Desbloquea Sus Piernas version gratis,Bobby Rio,es,psicologia_femenina,3189,5,32,duplicate,hash_md5 already exists in books_index.sqlite,skip,low
312,"C:\Users\New\Documents\Libros epub\Do Talk To Strangers A Creative, Sexy, and Fun Way To Have Emotionally Stimulating Conversations With Anyone (how to talk to… (Matt Morris) (z-library.sk, 1lib.sk, z-lib.sk).epub","Do Talk To Strangers A Creative, Sexy, and Fun Way To Have Emotionally Stimulating Conversations With Anyone (how to talk to… (Matt Morris) (z-library.sk, 1lib.sk, z-lib.sk).epub",.epub,0.243,6784eadbbcf0337a3b5bcfc8e66a1d75,"Do Talk To Strangers: A Creative, Sexy, and Fun Way To Have Emotionally Stimulating Conversations With Anyone (how to talk to anyone, how to attract women, ... to make friends, how to win friends Book 1)",Matt Morris,en,comunicacion,9011,36,8,new,,translate_to_latam_then_ingest_then_qa,high
313,C:\Users\New\Documents\Libros epub\docs\informe_descarga_completa_imagenes_reddit_20260628.md,informe_descarga_completa_imagenes_reddit_20260628.md,.md,0.003,babe70ef646b94c6e252cbe3dec2427a,informe_descarga_completa_imagenes_reddit_20260628,Desconocido,es,pendiente_revision,364,1,0,new,,manual_review_language_category,medium
314,"C:\Users\New\Documents\Libros epub\El Camino del Hombre Superior (David Deida) (z-library.sk, 1lib.sk, z-lib.sk).epub","El Camino del Hombre Superior (David Deida) (z-library.sk, 1lib.sk, z-lib.sk).epub",.epub,0.319,3cc54635b67b73cadd98f10e18c18e3c,El Camino del Hombre Superior,David Deida,es,psicologia_femenina,8663,65,1,new,,ingest_without_translation_then_qa,high
315,"C:\Users\New\Documents\Libros epub\El cerebro femenino (Louann Brizendine [Brizendine, Louann]) (z-library.sk, 1lib.sk, z-lib.sk).epub","El cerebro femenino (Louann Brizendine [Brizendine, Louann]) (z-library.sk, 1lib.sk, z-lib.sk).epub",.epub,0.422,d398856bebdbe4ecc9ba4c2ebfda00c3,El cerebro femenino,Louann Brizendine,es,psicologia_femenina,8107,6,3,duplicate,hash_md5 already exists in books_index.sqlite,skip,low
316,"C:\Users\New\Documents\Libros epub\Expert Tinder Strategy How to Pick Up Girls on Tinder and Happn Without Dating A mans guide to casual sex from dating apps… (David James) (z-library.sk, 1lib.sk, z-lib.sk).epub","Expert Tinder Strategy How to Pick Up Girls on Tinder and Happn Without Dating A mans guide to casual sex from dating apps… (David James) (z-library.sk, 1lib.sk, z-lib.sk).epub",.epub,0.135,ed3ffb95da602d42567181aaf179e19a,"Expert Tinder Strategy: How to Pick Up Girls on Tinder and Happn Without Dating: A man's guide to casual sex from dating apps while avoiding scams, fakes ... dates (Hardcore Direct Game Series Book 1)",David James,en,text_game,7074,21,2,new,,translate_to_latam_then_ingest_then_qa,high
317,"C:\Users\New\Documents\Libros epub\How to approach women in everyday situations Learn how to flirt up any girl In the street, at your local store - Lucas Lautier.epub","How to approach women in everyday situations Learn how to flirt up any girl In the street, at your local store - Lucas Lautier.epub",.epub,2.296,2eb1864e1b616ca225944b7efc55aae3,"How to approach women in everyday situations Learn how to flirt and pick up any girl In the street, at your local store",Lucas Lautier,es,text_game,6568,3,46,duplicate,hash_md5 already exists in books_index.sqlite,skip,low
318,"C:\Users\New\Documents\Libros epub\How to Flirt with Women The Art of Flirting Without Being Creepy That Turns Her On How to Approach, Talk to  Attract Women… (Ray Asher) (z-library.sk, 1lib.sk, z-lib.sk).epub","How to Flirt with Women The Art of Flirting Without Being Creepy That Turns Her On How to Approach, Talk to  Attract Women… (Ray Asher) (z-library.sk, 1lib.sk, z-lib.sk).epub",.epub,1.836,2ecd30900146a93cf0ec459688cabbfd,"How to Flirt with Women: The Art of Flirting Without Being Creepy That Turns Her On! How to Approach, Talk to & Attract Women (Dating Advice for Men)",Ray Asher,en,seduccion_general,9484,3,18,new,,translate_to_latam_then_ingest_then_qa,high
319,"C:\Users\New\Documents\Libros epub\How To Make Girls Chase (Chase) (z-library.sk, 1lib.sk, z-lib.sk).epub","How To Make Girls Chase (Chase) (z-library.sk, 1lib.sk, z-lib.sk).epub",.epub,1.732,085eb7a6859a84dcc564d8fea88cdc94,How To Make Girls Chase.epub,Chase,en,seduccion_general,9499,81,90,new,,translate_to_latam_then_ingest_then_qa,high
320,"C:\Users\New\Documents\Libros epub\How to talk to women (Ron Louis David Copeland) (z-library.sk, 1lib.sk, z-lib.sk).epub","How to talk to women (Ron Louis David Copeland) (z-library.sk, 1lib.sk, z-lib.sk).epub",.epub,79.428,3973a54ed3623208f7f0cff9ebd0cb95,7b564f0bbd2e904cb49ea6492b1bb105,Unknown,en,pendiente_revision,11,3,167,new,,translate_to_latam_then_ingest_then_qa,high
321,"C:\Users\New\Documents\Libros epub\How To Text Girls For Newbies Attract Women and Get Them Out on A Date (Abenezer Manaye) (z-library.sk, 1lib.sk, z-lib.sk).epub","How To Text Girls For Newbies Attract Women and Get Them Out on A Date (Abenezer Manaye) (z-library.sk, 1lib.sk, z-lib.sk).epub",.epub,1.208,a9e9162a903a6376eecff2b243a7abe9,How To Text Girls For Newbies: Attract Women and Get Them Out on A Date (Ultimate Texting Guide For Men Book 1),"Manaye, Abenezer",en,text_game,3995,32,2,new,,translate_to_latam_then_ingest_then_qa,high
322,"C:\Users\New\Documents\Libros epub\La evolución del deseo (David M. Buss) (z-library.sk, 1lib.sk, z-lib.sk).epub","La evolución del deseo (David M. Buss) (z-library.sk, 1lib.sk, z-lib.sk).epub",.epub,0.596,47433a0557eedf8f8c4f6fadffab9ca6,La evolución del deseo,David M. Buss,es,psicologia_femenina,7663,18,4,duplicate,hash_md5 already exists in books_index.sqlite,skip,low
323,"C:\Users\New\Documents\Libros epub\La Psicología Oscura detrás de la Atracción Los conocimientos ocultos de un hombre sabio (Spanish Edition) Masculinidad,… (Caleb, Luigi X.) (z-library.sk, 1lib.sk, z-lib.sk).epub","La Psicología Oscura detrás de la Atracción Los conocimientos ocultos de un hombre sabio (Spanish Edition) Masculinidad,… (Caleb, Luigi X.) (z-library.sk, 1lib.sk, z-lib.sk).epub",.epub,2.113,c1aa0c8f2159c42dfc4b2f918c9f5521,"La Psicología Oscura detrás de la Atracción: Los conocimientos ocultos de un hombre sabio (Spanish Edition): Masculinidad, Psicología Femenina y Seducción ... de sabiduría para hombres en español nº 2)","Caleb, Luigi X.",es,psicologia_femenina,8656,8,5,duplicate,hash_md5 already exists in books_index.sqlite,skip,low
324,"C:\Users\New\Documents\Libros epub\La Píldora Roja Descubre las Verdades sobre las Mujeres y la Atracción que Cambiarán tu Forma de Pensar para Siempre. 2 Libros… (Ferris Becker) (z-library.sk, 1lib.sk, z-lib.sk).epub","La Píldora Roja Descubre las Verdades sobre las Mujeres y la Atracción que Cambiarán tu Forma de Pensar para Siempre. 2 Libros… (Ferris Becker) (z-library.sk, 1lib.sk, z-lib.sk).epub",.epub,0.698,92deec11e9cb3ac89baf67a602ae9445,"La Píldora Roja: Descubre las Verdades sobre las Mujeres y la Atracción que Cambiarán tu Forma de Pensar para Siempre. 2 Libros en 1 - Cómo Atraer y Seducir Mujeres, Psicología Femenina para Hombres",Ferris Becker,es,psicologia_femenina,8470,4,4,duplicate,hash_md5 already exists in books_index.sqlite,skip,low
325,"C:\Users\New\Documents\Libros epub\Ligar por WhatsApp (David Jungle, George Massoni) (z-library.sk, 1lib.sk, z-lib.sk).epub","Ligar por WhatsApp (David Jungle, George Massoni) (z-library.sk, 1lib.sk, z-lib.sk).epub",.epub,6.162,b9d88401127a8f055ad9f98c45b0b22c,Ligar por WhatsApp,"David Jungle, George Massoni",es,text_game,8474,28,6,new,,ingest_without_translation_then_qa,high
326,C:\Users\New\Documents\Libros epub\Make her Beg you to bang her - Bobby Rio.epub,Make her Beg you to bang her - Bobby Rio.epub,.epub,1.499,39720559c2f00bae7264bd1f7fe7004d,Models,Mark Manson,es,psicologia_femenina,8427,48,6,new,,ingest_without_translation_then_qa,high
327,"C:\Users\New\Documents\Libros epub\Make Her Chase You - The Guide To Attracting Girls Who Are Out Of Your League Even If YouRe Not Rich Or Handsome (Tynan) (z-library.sk, 1lib.sk, z-lib.sk).epub","Make Her Chase You - The Guide To Attracting Girls Who Are Out Of Your League Even If YouRe Not Rich Or Handsome (Tynan) (z-library.sk, 1lib.sk, z-lib.sk).epub",.epub,1.749,d6b031715557abbdbd2a2a8a290612a3,ee4ac7a9a51b36bba43671f690947c42,Unknown,en,seduccion_general,9613,3,11,new,,translate_to_latam_then_ingest_then_qa,high
328,"C:\Users\New\Documents\Libros epub\Mate Become the Man Women Want (Tucker Max, Geoffrey Miller) (z-library.sk, 1lib.sk, z-lib.sk).epub","Mate Become the Man Women Want (Tucker Max, Geoffrey Miller) (z-library.sk, 1lib.sk, z-lib.sk).epub",.epub,1.274,409b9ec13f8fd7c4e465c2ffa0602701,p1bi1m7j9l1i8o53fg1vnnc1jil4,Zamzar,en,text_game,8776,10,69,new,,translate_to_latam_then_ingest_then_qa,high
329,"C:\Users\New\Documents\Libros epub\Mating in Captivity (Perel, Esther [Perel, Esther]) (z-library.sk, 1lib.sk, z-lib.sk).epub","Mating in Captivity (Perel, Esther [Perel, Esther]) (z-library.sk, 1lib.sk, z-lib.sk).epub",.epub,0.299,b6aee62b0326c844a0b488933df8e470,Mating in Captivity,"Perel, Esther",en,text_game,8872,28,2,new,,translate_to_latam_then_ingest_then_qa,high
330,"C:\Users\New\Documents\Libros epub\Methods, Sex and Madness (Julia O’Connell Davidson, Derek Layder) (z-library.sk, 1lib.sk, z-lib.sk).epub","Methods, Sex and Madness (Julia O’Connell Davidson, Derek Layder) (z-library.sk, 1lib.sk, z-lib.sk).epub",.epub,2.103,34efb77d080c73007915551195d73092,"Methods, Sex and Madness","Julia O’Connell Davidson, Derek Layder",en,text_game,7998,19,8,new,,translate_to_latam_then_ingest_then_qa,high
331,"C:\Users\New\Documents\Libros epub\Models by Mark Manson - Study Guide (Mark Manson) (z-library.sk, 1lib.sk, z-lib.sk).epub","Models by Mark Manson - Study Guide (Mark Manson) (z-library.sk, 1lib.sk, z-lib.sk).epub",.epub,0.158,123d323f33da232dd77f09c57599304b,Models by Mark Manson - Study Guide,Mark Manson,en,text_game,7143,3,1,new,,translate_to_latam_then_ingest_then_qa,high
332,C:\Users\New\Documents\Libros epub\Pick-Up-Artist-Method_-SEDUCTION_-DAYGAME.epub,Pick-Up-Artist-Method_-SEDUCTION_-DAYGAME.epub,.epub,0.125,4ba6867e13a85c5b9b0a3abe6094d581,"Pick-Up Artist Method: SEDUCTION, DAYGAME & HOW TO TALK TO GIRLS: Available to download on amazon kindle. Attract women with this seduction guide.Seduction secrets and dating explained for men","Phoenix, Rob",es,psicologia_femenina,8593,15,15,duplicate,hash_md5 already exists in books_index.sqlite,skip,low
333,"C:\Users\New\Documents\Libros epub\Practical Female Psychology For the Practical Man (Joseph W. South, David Clare Franco) (z-library.sk, 1lib.sk, z-lib.sk).epub","Practical Female Psychology For the Practical Man (Joseph W. South, David Clare Franco) (z-library.sk, 1lib.sk, z-lib.sk).epub",.epub,0.333,63868b1cb3bfc4b03d5dc0ce25a43c4c,Practical Female Psychology: For the Practical Man,Joseph South,en,psicologia_femenina,5886,141,1,new,,translate_to_latam_then_ingest_then_qa,high
334,C:\Users\New\Documents\Libros epub\Profile Magic - Race DePriest.epub,Profile Magic - Race DePriest.epub,.epub,1.479,6893c30bf464d0922cf0d8763c2419d5,Profile Magic,Race DePriest,es,psicologia_femenina,5941,2,28,duplicate,hash_md5 already exists in books_index.sqlite,skip,low
335,C:\Users\New\Documents\Libros epub\Rejection Proof_ How I Beat Fear and Became Invincible Through 100 Days of Rejection - PDF Room es-419.epub,Rejection Proof_ How I Beat Fear and Became Invincible Through 100 Days of Rejection - PDF Room es-419.epub,.epub,1.208,8fcec9bfb6dc6f41720bdc30c7923bab,Rejection Proof: How I Beat Fear and Became Invincible Through 100 Days of Rejection - PDFDrive.com,Jia Jiang,es,pendiente_revision,5484,106,32,duplicate,hash_md5 already exists in books_index.sqlite,skip,low
336,"C:\Users\New\Documents\Libros epub\Ross Jeffries - Speed Seduction Book (Ross Jeffries) (z-library.sk, 1lib.sk, z-lib.sk).epub","Ross Jeffries - Speed Seduction Book (Ross Jeffries) (z-library.sk, 1lib.sk, z-lib.sk).epub",.epub,0.245,f346adf1394db4b72ba003ed7e8e45c8,file://D:\website\dump\speedseduction\tablecon.html,smaerivo,en,text_game,9379,43,2,duplicate,hash_md5 already exists in books_index.sqlite,skip,low
337,"C:\Users\New\Documents\Libros epub\Sex Positions Ultimate Guide Sex Positions,Sex Techniques To Make Your Lover Addicted To You Harder And Longer (Delgado Smith, Sr) (z-library.sk, 1lib.sk, z-lib.sk).pdf","Sex Positions Ultimate Guide Sex Positions,Sex Techniques To Make Your Lover Addicted To You Harder And Longer (Delgado Smith, Sr) (z-library.sk, 1lib.sk, z-lib.sk).pdf",.pdf,0.751,da47bbcb8c8aab8679a8fb0966a55d9e,"Sex Positions Ultimate Guide Sex Positions,Sex Techniques To Make Your Lover Addicted To You Harder And Longer (Delgado Smith, Sr) (z-library.sk, 1lib.sk, z-lib.sk)",Desconocido,en,pendiente_revision,0,0,0,new,,manual_review_pdf_or_convert_to_epub_text,medium
338,"C:\Users\New\Documents\Libros epub\Shogun Method (Derek Rake) (z-library.sk, 1lib.sk, z-lib.sk).epub","Shogun Method (Derek Rake) (z-library.sk, 1lib.sk, z-lib.sk).epub",.epub,0.554,6745b97bbf18b1367a46258e0fa8795e,Shogun Method,Derek Rake,en,psicologia_femenina,8761,21,14,new,,translate_to_latam_then_ingest_then_qa,high
339,C:\Users\New\Documents\Libros epub\Swipe Seduction The Ultimate Guide For Dating on Tinder - Race DePriest.epub,Swipe Seduction The Ultimate Guide For Dating on Tinder - Race DePriest.epub,.epub,8.218,e32a4055114f00ff19d544f2541f7d9e,Swipe Seduction The Ultimate Guide For Dating on Tinder,Race DePriest,es,text_game,8303,2,68,duplicate,hash_md5 already exists in books_index.sqlite,skip,low
340,C:\Users\New\Documents\Libros epub\Text 2 Sex Turn Her on With Text - Race DePriest.epub,Text 2 Sex Turn Her on With Text - Race DePriest.epub,.epub,6.972,a8ee20ce0a7dd1ba3e9d1e3b7e78a18b,Text 2 Sex Turn Her on With Text,Race DePriest,es,psicologia_femenina,8778,2,84,duplicate,hash_md5 already exists in books_index.sqlite,skip,low
341,C:\Users\New\Documents\Libros epub\Text Game Mastery - Race DePriest (1).epub,Text Game Mastery - Race DePriest (1).epub,.epub,4.894,5e26e6af9f56d60e6f72e8b26b4f7d00,Text Game Mastery,Race DePriest,es,text_game,6453,2,33,duplicate,hash_md5 already exists in books_index.sqlite,skip,low
342,"C:\Users\New\Documents\Libros epub\Text Message Seduction (Matt Ardison) (z-library.sk, 1lib.sk, z-lib.sk).epub","Text Message Seduction (Matt Ardison) (z-library.sk, 1lib.sk, z-lib.sk).epub",.epub,0.535,837ee404f368297fdd581816f03ceb28,Seduce Her With Text: The Gentleman's Guide To Texting Her All The Way To The Bedroom,Matt Ardisson,en,text_game,9309,4,99,new,,translate_to_latam_then_ingest_then_qa,high
343,C:\Users\New\Documents\Libros epub\Texts To Get Her Back - Race DePriest.epub,Texts To Get Her Back - Race DePriest.epub,.epub,0.107,81d25239f4e803d4ce3aaace1c4e33eb,Texts To Get Her Back,Race DePriest,es,text_game,3925,2,21,duplicate,hash_md5 already exists in books_index.sqlite,skip,low
344,"C:\Users\New\Documents\Libros epub\The Art Of The Game - How To Control Women Using Masters Level Manipulation Techniques Manual 3 Dark Psychology, Female… (The Professor Of Pimpology) (z-library.sk, 1lib.sk, z-lib.sk).epub","The Art Of The Game - How To Control Women Using Masters Level Manipulation Techniques Manual 3 Dark Psychology, Female… (The Professor Of Pimpology) (z-library.sk, 1lib.sk, z-lib.sk).epub",.epub,0.215,52d43f1794537590a3ada108fbf8380a,"The Art Of The Game - How To Control Women Using Masters Level Manipulation Techniques: Manual #3: Dark Psychology, Female Manipulation Techniques And Mind Control (The Hall Of Fame Game Collection)",The Professor Of Pimpology,en,seduccion_general,9522,3,2,new,,translate_to_latam_then_ingest_then_qa,high
345,"C:\Users\New\Documents\Libros epub\The Bad Boy, The Alpha Male Mens Naughty Dating G-library.sk, 1lib.sk, z-lib.sk) es-419 - J. Covey.epub","The Bad Boy, The Alpha Male Mens Naughty Dating G-library.sk, 1lib.sk, z-lib.sk) es-419 - J. Covey.epub",.epub,3.26,efe0ab3fb9502a022cdb74a67ee7ea10,"The Bad Boy, The Alpha Male Mens Naughty Dating Guide to Being the Man Every Woman Craves and Falls In Love with Even When… (J. Covey) (z-library.sk, 1lib.sk, z-lib.sk) es-419",J. Covey,es,text_game,4401,72,132,duplicate,hash_md5 already exists in books_index.sqlite,skip,low
346,"C:\Users\New\Documents\Libros epub\The Biggest Text-Game Mistakes You Are Making (getelitecourses.com) (z-library.sk, 1lib.sk, z-lib.sk).epub","The Biggest Text-Game Mistakes You Are Making (getelitecourses.com) (z-library.sk, 1lib.sk, z-lib.sk).epub",.epub,45.659,398e08b6e260d8c867ef86f4c86db62c,The Foundational APB,Brocksun Gupta,en,text_game,9490,5,152,new,,translate_to_latam_then_ingest_then_qa,high
347,"C:\Users\New\Documents\Libros epub\The Cambridge Handbook of Evolutionary Perspectives on Sexual Psychology Volume 3, Female Sexual Adaptations (Todd K. Shackelford) (z-library.sk, 1lib.sk, z-lib.sk).epub","The Cambridge Handbook of Evolutionary Perspectives on Sexual Psychology Volume 3, Female Sexual Adaptations (Todd K. Shackelford) (z-library.sk, 1lib.sk, z-lib.sk).epub",.epub,1.195,7f7e00f6bba475bf8217afcc20213f55,0536db94f734a0796ff62f980af8c839,Unknown,en,seduccion_general,7184,20,6,new,,translate_to_latam_then_ingest_then_qa,high
348,"C:\Users\New\Documents\Libros epub\The Come As You Are Workbook  a Practical Guide to the Science of Sex. (Emily Nagoski) (z-library.sk, 1lib.sk, z-lib.sk).epub","The Come As You Are Workbook  a Practical Guide to the Science of Sex. (Emily Nagoski) (z-library.sk, 1lib.sk, z-lib.sk).epub",.epub,0.625,be332f326b83f7f1ee6c33cb2f022bc6,The Come as You Are Workbook,Emily Nagoski,en,comunicacion,8738,22,9,new,,translate_to_latam_then_ingest_then_qa,high
349,"C:\Users\New\Documents\Libros epub\The Message Game A Guide to Dating at the Touch of a Button (White, Ice) (z-library.sk, 1lib.sk, z-lib.sk).epub","The Message Game A Guide to Dating at the Touch of a Button (White, Ice) (z-library.sk, 1lib.sk, z-lib.sk).epub",.epub,6.075,5bf5bc22db7a4ccf516a9889766fe700,The Message Game: A Guide to Dating at the Touch of a Button,"White, Ice",en,text_game,9361,1,204,duplicate,hash_md5 already exists in books_index.sqlite,skip,low
350,"C:\Users\New\Documents\Libros epub\The Power of the Pussy Get What You Want From Men Love, Respect, Commitment and More (Kara King) (z-library.sk, 1lib.sk, z-lib.sk).epub","The Power of the Pussy Get What You Want From Men Love, Respect, Commitment and More (Kara King) (z-library.sk, 1lib.sk, z-lib.sk).epub",.epub,0.291,a2467b2a9bbeba50e8627bd98a31f47b,"The Power of the Pussy - How to Get What You Want From Men: Love, Respect, Commitment and More!: Dating and Relationship Advice for Women",Kara King,en,seduccion_general,609,143,1,new,,translate_to_latam_then_ingest_then_qa,high
351,"C:\Users\New\Documents\Libros epub\The Rational Male (Rollo Tomassi [Tomassi, Rollo]) (z-library.sk, 1lib.sk, z-lib.sk).epub","The Rational Male (Rollo Tomassi [Tomassi, Rollo]) (z-library.sk, 1lib.sk, z-lib.sk).epub",.epub,0.646,b2d9712838d29867e595480ed1c723fb,The Rational Male,Rollo Tomassi,en,text_game,4982,202,6,new,,translate_to_latam_then_ingest_then_qa,high
352,"C:\Users\New\Documents\Libros epub\The Street Guide to Flirting (Andrew Bryant, Michelle Lia Lewis) (z-library.sk, 1lib.sk, z-lib.sk).epub","The Street Guide to Flirting (Andrew Bryant, Michelle Lia Lewis) (z-library.sk, 1lib.sk, z-lib.sk).epub",.epub,2.482,acfb8f8a1a7ceaf0a769e3bc46a5c9be,The Street Guide to Flirting,Andrew Bryant,en,text_game,9222,10,11797,new,,translate_to_latam_then_ingest_then_qa,high
353,"C:\Users\New\Documents\Libros epub\The Tactical Guide to Women How Men Can Manage Risk in Dating and Marriage (Shawn T. Smith) (z-library.sk, 1lib.sk, z-lib.sk).epub","The Tactical Guide to Women How Men Can Manage Risk in Dating and Marriage (Shawn T. Smith) (z-library.sk, 1lib.sk, z-lib.sk).epub",.epub,0.593,0e065c2210b69ba231497ef87bdb3eb0,The Tactical Guide to Women: How Men Can Manage Risk in Dating and Marriage,"Smith, Shawn T.",en,text_game,8740,20,4,new,,translate_to_latam_then_ingest_then_qa,high
354,"C:\Users\New\Documents\Libros epub\THE TEXTING BIBLE (MASTER EDITION) (Brocksun Gupta) (z-library.sk, 1lib.sk, z-lib.sk).epub","THE TEXTING BIBLE (MASTER EDITION) (Brocksun Gupta) (z-library.sk, 1lib.sk, z-lib.sk).epub",.epub,0.153,30228f249a12373c50783f9f6a4f9952,54f2e48fbafeb7d7b1a0dc423a5c41d6,Unknown,en,text_game,2898,2,4,new,,translate_to_latam_then_ingest_then_qa,high
355,C:\Users\New\Documents\Libros epub\The-Texting-Bible-Master.epub,The-Texting-Bible-Master.epub,.epub,0.045,0c5863cc59be5c6699ccb512b8446ac2,9a8f9967effc4023db448f53b7b9d598,Unknown,es,text_game,2961,1,3,duplicate,hash_md5 already exists in books_index.sqlite,skip,low
356,C:\Users\New\Documents\Libros epub\Tinder Decoded The Blueprint To Creating Your Ultimate Online Dile (Ultimate Tinder Profile Book 1 - teven Fowl Carlo Del Mazo.epub,Tinder Decoded The Blueprint To Creating Your Ultimate Online Dile (Ultimate Tinder Profile Book 1 - teven Fowl Carlo Del Mazo.epub,.epub,0.305,119fb633b7f6cc825219e908f1aee77e,Tinder Decoded The Blueprint To Creating Your Ultimate Online Dating Profile (Ultimate Tinder Profile Book 1,teven Fowl Carlo Del Mazo,es,text_game,2308,2,36,duplicate,hash_md5 already exists in books_index.sqlite,skip,low
357,C:\Users\New\Documents\Libros epub\Tinder Pickup Artist Bootcamp The Guide to Becoming a Player on Tinder - Aidan Upto.epub,Tinder Pickup Artist Bootcamp The Guide to Becoming a Player on Tinder - Aidan Upto.epub,.epub,1.041,eb60bfc3119dd04bacff04c58be65d9c,Tinder Pickup Artist Bootcamp The Guide to Becoming a Player on Tinder,Aidan Upto,es,text_game,8062,2,88,duplicate,hash_md5 already exists in books_index.sqlite,skip,low
358,C:\Users\New\Documents\Libros epub\traducidos\bilingual_book_maker\disclaimer.md,disclaimer.md,.md,0.002,aa1401634452eb6f117fb23bed8a2e30,disclaimer,Desconocido,en,pendiente_revision,173,1,0,new,,manual_review_language_category,medium
359,C:\Users\New\Documents\Libros epub\traducidos\bilingual_book_maker\docs\book_source.md,book_source.md,.md,0.001,cfe2730a60ee2dd8d228c113bab04876,book_source,Desconocido,en,pendiente_revision,168,1,0,new,,manual_review_language_category,medium
360,C:\Users\New\Documents\Libros epub\traducidos\bilingual_book_maker\docs\cmd.md,cmd.md,.md,0.004,6b23384d2aac7055fddbc93d17b05ca2,cmd,Desconocido,en,text_game,584,1,0,new,,manual_review_language_category,medium
361,C:\Users\New\Documents\Libros epub\traducidos\bilingual_book_maker\docs\disclaimer.md,disclaimer.md,.md,0.002,aa1401634452eb6f117fb23bed8a2e30,disclaimer,Desconocido,en,pendiente_revision,173,1,0,new,,manual_review_language_category,medium
362,C:\Users\New\Documents\Libros epub\traducidos\bilingual_book_maker\docs\env_settings.md,env_settings.md,.md,0.0,e19ea2db504cbf55a5593a1eb4dc944e,env_settings,Desconocido,unknown,pendiente_revision,35,1,0,new,,manual_review_language_category,medium
363,C:\Users\New\Documents\Libros epub\traducidos\bilingual_book_maker\docs\index.md,index.md,.md,0.0,eb57428634a444af8c7955b1791da2a0,index,Desconocido,en,text_game,61,1,0,new,,manual_review_language_category,medium
364,C:\Users\New\Documents\Libros epub\traducidos\bilingual_book_maker\docs\installation.md,installation.md,.md,0.0,d7ab9e60008e874431a477910464e54f,installation,Desconocido,en,pendiente_revision,58,1,0,new,,manual_review_language_category,medium
365,C:\Users\New\Documents\Libros epub\traducidos\bilingual_book_maker\docs\model_lang.md,model_lang.md,.md,0.004,21a32779750b5e88e5591c316a628887,model_lang,Desconocido,en,text_game,476,1,0,new,,manual_review_language_category,medium
366,C:\Users\New\Documents\Libros epub\traducidos\bilingual_book_maker\docs\prompt.md,prompt.md,.md,0.003,0511f7334061d1f0242b4b13635ba529,prompt,Desconocido,en,text_game,352,1,0,new,,manual_review_language_category,medium
367,C:\Users\New\Documents\Libros epub\traducidos\bilingual_book_maker\docs\quickstart.md,quickstart.md,.md,0.001,46be34d07acbc3101592a4738694b2da,quickstart,Desconocido,en,text_game,170,1,0,new,,manual_review_language_category,medium
368,C:\Users\New\Documents\Libros epub\traducidos\bilingual_book_maker\prompt_md.prompt.md,prompt_md.prompt.md,.md,0.0,6e6b4cf8f516174ac2d8eec33d803a19,prompt_md.prompt,Desconocido,en,comunicacion,41,1,0,new,,manual_review_language_category,medium
369,C:\Users\New\Documents\Libros epub\traducidos\bilingual_book_maker\prompt_template_sample.txt,prompt_template_sample.txt,.txt,0.0,19d126f804fcbc3f4a1cbc575b710509,prompt_template_sample,Desconocido,en,pendiente_revision,58,1,0,new,,manual_review_language_category,medium
370,C:\Users\New\Documents\Libros epub\traducidos\bilingual_book_maker\README-CN.md,README-CN.md,.md,0.017,b525c60f0996aaae0d5f9a92bd64758d,README-CN,Desconocido,en,text_game,1548,1,0,new,,manual_review_language_category,medium
371,C:\Users\New\Documents\Libros epub\traducidos\bilingual_book_maker\README.md,README.md,.md,0.024,e42d6f5170ce61b47dff2ddf1db98fd1,README,Desconocido,en,text_game,3101,1,0,new,,manual_review_language_category,medium
372,C:\Users\New\Documents\Libros epub\traducidos\bilingual_book_maker\requirements.txt,requirements.txt,.txt,0.155,bf8ca2ea118a3ca6b91ae44ccd5749f8,requirements,Desconocido,en,pendiente_revision,1962,1,0,new,,manual_review_language_category,medium
373,C:\Users\New\Documents\Libros epub\traducidos\bilingual_book_maker\test_books\animal_farm.epub,animal_farm.epub,.epub,0.486,1a12f55415c421ef4ba9fb7ee9c11ff8,Animal Farm,George Orwell,en,pendiente_revision,8790,20,4,new,,translate_to_latam_then_ingest_then_qa,high
374,C:\Users\New\Documents\Libros epub\traducidos\bilingual_book_maker\test_books\animal_farm_bilingual.epub,animal_farm_bilingual.epub,.epub,0.49,a76a045fa8b4941c6cc565cb8a641613,Animal Farm,George Orwell,en,pendiente_revision,8667,20,4,new,,translate_to_latam_then_ingest_then_qa,high
375,C:\Users\New\Documents\Libros epub\traducidos\bilingual_book_maker\test_books\lemo.epub,lemo.epub,.epub,0.142,857556c29bf0edb44205dbfc54dd03e4,檸檬,梶井 基次郎,unknown,pendiente_revision,579,3,2,new,,manual_review_language_category,medium
376,C:\Users\New\Documents\Libros epub\traducidos\bilingual_book_maker\test_books\Liber_Esther.epub,Liber_Esther.epub,.epub,0.079,0596d43749d6b6cd0f65910bf83c64ad,"Latin Vulgate, Esther: Liber Esther",Anonymous,en,text_game,7875,4,1,new,,translate_to_latam_then_ingest_then_qa,high
377,C:\Users\New\Documents\Libros epub\traducidos\bilingual_book_maker\test_books\the_little_prince.txt,the_little_prince.txt,.txt,0.091,b5855f8033141f8d25a16eb006250c8e,the_little_prince,Desconocido,en,pendiente_revision,9426,1,0,new,,manual_review_language_category,medium
378,C:\Users\New\Documents\Libros epub\traducidos\Conquer_Tinder_Traducido.epub,Conquer_Tinder_Traducido.epub,.epub,2.822,bd74bdf4debe54a9cbbcf4cc34556dbd,Conquer Tinder: The Official Tinder Playbook,Chris Harders,es,text_game,3048,64,35,new,,ingest_without_translation_then_qa,high
379,C:\Users\New\Documents\Libros epub\traducidos\temp_epub\text\part0000_split_000.html,part0000_split_000.html,.html,0.002,099a2fa424852db952dc78da2fd38b4a,part0000_split_000,Desconocido,es,text_game,141,1,0,new,,manual_review_language_category,medium
380,C:\Users\New\Documents\Libros epub\traducidos\temp_epub\text\part0000_split_001.html,part0000_split_001.html,.html,0.001,23e95210163a88eae781fa5e8073e01f,part0000_split_001,Desconocido,es,text_game,78,1,0,new,,manual_review_language_category,medium
381,C:\Users\New\Documents\Libros epub\traducidos\temp_epub\text\part0001.html,part0001.html,.html,0.003,f3e956e02f63021ea32c5cfebcc33353,part0001,Desconocido,es,text_game,440,1,0,new,,manual_review_language_category,medium
382,C:\Users\New\Documents\Libros epub\traducidos\temp_epub\text\part0002.html,part0002.html,.html,0.002,de7862809b06bfe63032bee8c682d37e,part0002,Desconocido,es,text_game,231,1,0,new,,manual_review_language_category,medium
383,C:\Users\New\Documents\Libros epub\traducidos\temp_epub\text\part0003.html,part0003.html,.html,0.002,4733056285bf55b733f2644f8e637bb3,part0003,Desconocido,es,text_game,344,1,0,new,,manual_review_language_category,medium
384,C:\Users\New\Documents\Libros epub\traducidos\temp_epub\text\part0004.html,part0004.html,.html,0.001,66cfc521706c1e4711e84bc3f825b5df,part0004,Desconocido,en,text_game,71,1,0,new,,manual_review_language_category,medium
385,C:\Users\New\Documents\Libros epub\traducidos\temp_epub\text\part0005.html,part0005.html,.html,0.004,d9f77df70bf5f4d37bca90ddf2b27656,part0005,Desconocido,en,text_game,679,1,0,new,,manual_review_language_category,medium
386,C:\Users\New\Documents\Libros epub\traducidos\temp_epub\text\part0006.html,part0006.html,.html,0.003,e69eb10000b82d7246a88530953ca0fe,part0006,Desconocido,en,text_game,342,1,0,new,,manual_review_language_category,medium
387,C:\Users\New\Documents\Libros epub\traducidos\temp_epub\text\part0007.html,part0007.html,.html,0.001,f08e9c8d228589fbc6a0a79de8cb0847,part0007,Desconocido,en,text_game,173,1,0,new,,manual_review_language_category,medium
388,C:\Users\New\Documents\Libros epub\traducidos\temp_epub\text\part0008.html,part0008.html,.html,0.002,f8898014cae7d45f1ab10185e3259339,part0008,Desconocido,en,text_game,233,1,0,new,,manual_review_language_category,medium
389,C:\Users\New\Documents\Libros epub\traducidos\temp_epub\text\part0009.html,part0009.html,.html,0.001,4dc1af15e786c76d061c69df1bc167bd,part0009,Desconocido,en,text_game,162,1,0,new,,manual_review_language_category,medium
390,C:\Users\New\Documents\Libros epub\traducidos\temp_epub\text\part0010_split_000.html,part0010_split_000.html,.html,0.001,8956949a1fcebe871c3f0b109d9d5032,part0010_split_000,Desconocido,en,text_game,82,1,0,new,,manual_review_language_category,medium
391,C:\Users\New\Documents\Libros epub\traducidos\temp_epub\text\part0010_split_001.html,part0010_split_001.html,.html,0.001,11102642b00ae18c32c2fa4fbb8e0fc0,part0010_split_001,Desconocido,en,text_game,43,1,0,new,,manual_review_language_category,medium
392,C:\Users\New\Documents\Libros epub\traducidos\temp_epub\text\part0010_split_002.html,part0010_split_002.html,.html,0.001,ff773f67e16bf9bc80e4283a07430419,part0010_split_002,Desconocido,en,text_game,57,1,0,new,,manual_review_language_category,medium
393,C:\Users\New\Documents\Libros epub\traducidos\temp_epub\text\part0010_split_003.html,part0010_split_003.html,.html,0.001,f88492022f9e14dbafd39988a9552f20,part0010_split_003,Desconocido,en,text_game,41,1,0,new,,manual_review_language_category,medium
394,C:\Users\New\Documents\Libros epub\traducidos\temp_epub\text\part0010_split_004.html,part0010_split_004.html,.html,0.001,13c7ffd81331b8608b84a5104616ef52,part0010_split_004,Desconocido,en,text_game,39,1,0,new,,manual_review_language_category,medium
395,C:\Users\New\Documents\Libros epub\traducidos\temp_epub\text\part0011_split_000.html,part0011_split_000.html,.html,0.001,c6f826dd6ce67c5f99570a3eb09cc1f8,part0011_split_000,Desconocido,en,text_game,57,1,0,new,,manual_review_language_category,medium
396,C:\Users\New\Documents\Libros epub\traducidos\temp_epub\text\part0011_split_001.html,part0011_split_001.html,.html,0.001,fb6d5e6a0e53568739c056a3d6217dc4,part0011_split_001,Desconocido,en,text_game,56,1,0,new,,manual_review_language_category,medium
397,C:\Users\New\Documents\Libros epub\traducidos\temp_epub\text\part0011_split_002.html,part0011_split_002.html,.html,0.001,7b48dbb2526c88829190dd719022dc92,part0011_split_002,Desconocido,en,text_game,67,1,0,new,,manual_review_language_category,medium
398,C:\Users\New\Documents\Libros epub\traducidos\temp_epub\text\part0011_split_003.html,part0011_split_003.html,.html,0.001,c17fd6f23bc236e875831a7cce50b404,part0011_split_003,Desconocido,en,text_game,39,1,0,new,,manual_review_language_category,medium
399,C:\Users\New\Documents\Libros epub\traducidos\temp_epub\text\part0011_split_004.html,part0011_split_004.html,.html,0.001,9b8a290f8bd7212ec789e0cc02ed5d43,part0011_split_004,Desconocido,en,text_game,50,1,0,new,,manual_review_language_category,medium
400,C:\Users\New\Documents\Libros epub\traducidos\temp_epub\text\part0011_split_005.html,part0011_split_005.html,.html,0.001,f46d02df822011db14840011897f917c,part0011_split_005,Desconocido,en,text_game,53,1,0,new,,manual_review_language_category,medium
401,C:\Users\New\Documents\Libros epub\traducidos\temp_epub\text\part0011_split_006.html,part0011_split_006.html,.html,0.002,f05f36e173cc6940276a45d18ddb7656,part0011_split_006,Desconocido,en,text_game,261,1,0,new,,manual_review_language_category,medium
402,C:\Users\New\Documents\Libros epub\traducidos\temp_epub\text\part0011_split_007.html,part0011_split_007.html,.html,0.001,756e894000d12928667892ae055b1416,part0011_split_007,Desconocido,en,text_game,54,1,0,new,,manual_review_language_category,medium
403,C:\Users\New\Documents\Libros epub\traducidos\temp_epub\text\part0012.html,part0012.html,.html,0.003,4cd8357099a6701f1088932efb4a2440,part0012,Desconocido,en,text_game,497,1,0,new,,manual_review_language_category,medium
404,C:\Users\New\Documents\Libros epub\traducidos\temp_epub\text\part0013.html,part0013.html,.html,0.002,c8403a78b0516ca66371cdc2cbbee78c,part0013,Desconocido,en,text_game,323,1,0,new,,manual_review_language_category,medium
405,C:\Users\New\Documents\Libros epub\traducidos\temp_epub\text\part0014.html,part0014.html,.html,0.004,6b83ce8b25c6002fce51e8a1b513f3bb,part0014,Desconocido,en,text_game,563,1,0,new,,manual_review_language_category,medium
406,C:\Users\New\Documents\Libros epub\traducidos\temp_epub\text\part0015.html,part0015.html,.html,0.004,a21ff4171cde060eec5a775adf919b4a,part0015,Desconocido,en,text_game,654,1,0,new,,manual_review_language_category,medium
407,C:\Users\New\Documents\Libros epub\traducidos\temp_epub\text\part0016.html,part0016.html,.html,0.01,9a2e7bdc4365473d325d181c74be50f4,part0016,Desconocido,en,text_game,1826,1,0,new,,manual_review_language_category,medium
408,C:\Users\New\Documents\Libros epub\traducidos\temp_epub\text\part0017.html,part0017.html,.html,0.003,87889d6ffd91ca5951ceb2bd9bb9e112,part0017,Desconocido,en,text_game,423,1,0,new,,manual_review_language_category,medium
409,C:\Users\New\Documents\Libros epub\traducidos\temp_epub\text\part0018.html,part0018.html,.html,0.002,e060835a2ef7d9bbf50ee5ee6ca4f788,part0018,Desconocido,en,text_game,188,1,0,new,,manual_review_language_category,medium
410,C:\Users\New\Documents\Libros epub\traducidos\temp_epub\text\part0019.html,part0019.html,.html,0.001,d6d9601aa6234dd07a385b89cf72558a,part0019,Desconocido,en,text_game,80,1,0,new,,manual_review_language_category,medium
411,C:\Users\New\Documents\Libros epub\traducidos\temp_epub\text\part0020.html,part0020.html,.html,0.008,99d56a21b2fe6e0e858264bc1c242255,part0020,Desconocido,en,text_game,1368,1,0,new,,manual_review_language_category,medium
412,C:\Users\New\Documents\Libros epub\traducidos\temp_epub\text\part0021.html,part0021.html,.html,0.005,f6288c815d9c2a98ebe4207228ac0947,part0021,Desconocido,en,text_game,740,1,0,new,,manual_review_language_category,medium
413,C:\Users\New\Documents\Libros epub\traducidos\temp_epub\text\part0022.html,part0022.html,.html,0.001,848405ed17903c1b1457040a1cd0e24c,part0022,Desconocido,en,text_game,145,1,0,new,,manual_review_language_category,medium
414,C:\Users\New\Documents\Libros epub\traducidos\temp_epub\text\part0023.html,part0023.html,.html,0.003,1daa9983c0e20cd3b2ea43d0dabb8180,part0023,Desconocido,en,text_game,352,1,0,new,,manual_review_language_category,medium
415,C:\Users\New\Documents\Libros epub\traducidos\temp_epub\text\part0024.html,part0024.html,.html,0.003,231749c49c26e36e671365c1b1687bd6,part0024,Desconocido,en,text_game,495,1,0,new,,manual_review_language_category,medium
416,C:\Users\New\Documents\Libros epub\traducidos\temp_epub\text\part0025.html,part0025.html,.html,0.002,9959caf8651cb03256ecdf53b3734d77,part0025,Desconocido,en,text_game,201,1,0,new,,manual_review_language_category,medium
417,C:\Users\New\Documents\Libros epub\traducidos\temp_epub\text\part0026_split_000.html,part0026_split_000.html,.html,0.001,8fba6e38e39701166aebf4d43b3a09fd,part0026_split_000,Desconocido,en,text_game,70,1,0,new,,manual_review_language_category,medium
418,C:\Users\New\Documents\Libros epub\traducidos\temp_epub\text\part0026_split_001.html,part0026_split_001.html,.html,0.001,cd3f61e75968222d5b03a5d96c4c42b9,part0026_split_001,Desconocido,en,text_game,35,1,0,new,,manual_review_language_category,medium
419,C:\Users\New\Documents\Libros epub\traducidos\temp_epub\text\part0026_split_002.html,part0026_split_002.html,.html,0.001,e51c436552b614e67fe9d96bdb3869a2,part0026_split_002,Desconocido,en,text_game,25,1,0,new,,manual_review_language_category,medium
420,C:\Users\New\Documents\Libros epub\traducidos\temp_epub\text\part0026_split_003.html,part0026_split_003.html,.html,0.001,94a8736366dcc561d06ca88b422e53bd,part0026_split_003,Desconocido,en,text_game,67,1,0,new,,manual_review_language_category,medium
421,C:\Users\New\Documents\Libros epub\traducidos\temp_epub\text\part0027_split_000.html,part0027_split_000.html,.html,0.001,4e7610650d584af6076944fa28536b1c,part0027_split_000,Desconocido,en,text_game,64,1,0,new,,manual_review_language_category,medium
422,C:\Users\New\Documents\Libros epub\traducidos\temp_epub\text\part0027_split_001.html,part0027_split_001.html,.html,0.001,e0f6a8b98dd82c442a6ec0133b7bd237,part0027_split_001,Desconocido,en,text_game,109,1,0,new,,manual_review_language_category,medium
423,C:\Users\New\Documents\Libros epub\traducidos\temp_epub\text\part0027_split_002.html,part0027_split_002.html,.html,0.001,e0284cb68b7a117662326acdff2167e9,part0027_split_002,Desconocido,en,text_game,31,1,0,new,,manual_review_language_category,medium
424,C:\Users\New\Documents\Libros epub\traducidos\temp_epub\text\part0027_split_003.html,part0027_split_003.html,.html,0.001,5fb89495617da7026d7a0b3b33eeb448,part0027_split_003,Desconocido,en,text_game,21,1,0,new,,manual_review_language_category,medium
425,C:\Users\New\Documents\Libros epub\traducidos\temp_epub\text\part0028_split_000.html,part0028_split_000.html,.html,0.001,73e3e51602a98c0130c27cbe0c157e35,part0028_split_000,Desconocido,en,text_game,108,1,0,new,,manual_review_language_category,medium
426,C:\Users\New\Documents\Libros epub\traducidos\temp_epub\text\part0028_split_001.html,part0028_split_001.html,.html,0.001,13bc9ab8d37d8d89a3f376ac1990a0c7,part0028_split_001,Desconocido,en,text_game,49,1,0,new,,manual_review_language_category,medium
427,C:\Users\New\Documents\Libros epub\traducidos\temp_epub\text\part0028_split_002.html,part0028_split_002.html,.html,0.001,74a8c40c8e625f267399171ed0865707,part0028_split_002,Desconocido,unknown,text_game,36,1,0,new,,manual_review_language_category,medium
428,C:\Users\New\Documents\Libros epub\traducidos\temp_epub\text\part0028_split_003.html,part0028_split_003.html,.html,0.001,c8085445768ef19c23db876c58e9af26,part0028_split_003,Desconocido,en,text_game,88,1,0,new,,manual_review_language_category,medium
429,C:\Users\New\Documents\Libros epub\traducidos\temp_epub\text\part0028_split_004.html,part0028_split_004.html,.html,0.001,8bc1c955efbe9dfc3da1dce55351a177,part0028_split_004,Desconocido,en,text_game,85,1,0,new,,manual_review_language_category,medium
430,C:\Users\New\Documents\Libros epub\traducidos\temp_epub\text\part0028_split_005.html,part0028_split_005.html,.html,0.001,e0a95be3a9b7c88ae4e382495315e833,part0028_split_005,Desconocido,en,text_game,44,1,0,new,,manual_review_language_category,medium
431,C:\Users\New\Documents\Libros epub\traducidos\temp_epub\text\part0028_split_006.html,part0028_split_006.html,.html,0.001,2ede742a1dab31c9d794eb17020cf95e,part0028_split_006,Desconocido,en,text_game,159,1,0,new,,manual_review_language_category,medium
432,C:\Users\New\Documents\Libros epub\traducidos\temp_epub\text\part0029_split_000.html,part0029_split_000.html,.html,0.001,6c6d0bce42f32c1aa1a787a7d774daa6,part0029_split_000,Desconocido,en,text_game,84,1,0,new,,manual_review_language_category,medium
433,C:\Users\New\Documents\Libros epub\traducidos\temp_epub\text\part0029_split_001.html,part0029_split_001.html,.html,0.001,e1f93f816fe95f00f91b4c9abd0400eb,part0029_split_001,Desconocido,en,text_game,45,1,0,new,,manual_review_language_category,medium
434,C:\Users\New\Documents\Libros epub\traducidos\temp_epub\text\part0029_split_002.html,part0029_split_002.html,.html,0.001,d08c7ce7c3e7551a47ca442407a7f8bc,part0029_split_002,Desconocido,en,text_game,39,1,0,new,,manual_review_language_category,medium
435,C:\Users\New\Documents\Libros epub\traducidos\temp_epub\text\part0029_split_003.html,part0029_split_003.html,.html,0.001,6b209407a4eaeff1f6083fafee18e87c,part0029_split_003,Desconocido,en,text_game,108,1,0,new,,manual_review_language_category,medium
436,C:\Users\New\Documents\Libros epub\traducidos\temp_epub\text\part0029_split_004.html,part0029_split_004.html,.html,0.002,0cca7256a6bd8270cfffb21229a3cb60,part0029_split_004,Desconocido,en,text_game,183,1,0,new,,manual_review_language_category,medium
437,C:\Users\New\Documents\Libros epub\traducidos\temp_epub\text\part0030_split_000.html,part0030_split_000.html,.html,0.001,f985ef2b7f283343f390ac24879e89eb,part0030_split_000,Desconocido,en,text_game,52,1,0,new,,manual_review_language_category,medium
438,C:\Users\New\Documents\Libros epub\traducidos\temp_epub\text\part0030_split_001.html,part0030_split_001.html,.html,0.001,ed4a4336e9babab25b8be2719107134b,part0030_split_001,Desconocido,en,text_game,33,1,0,new,,manual_review_language_category,medium
439,C:\Users\New\Documents\Libros epub\traducidos\temp_epub\text\part0030_split_002.html,part0030_split_002.html,.html,0.001,7a3ba4a7fed3f6f857280879ce6c69f1,part0030_split_002,Desconocido,en,text_game,104,1,0,new,,manual_review_language_category,medium
440,C:\Users\New\Documents\Libros epub\traducidos\temp_epub\text\part0030_split_003.html,part0030_split_003.html,.html,0.001,bc8e8438a850c41b21d1081fd66fda1f,part0030_split_003,Desconocido,en,text_game,24,1,0,new,,manual_review_language_category,medium
441,C:\Users\New\Documents\Libros epub\traducidos\temp_epub\text\part0031.html,part0031.html,.html,0.001,2e146744d04d64172d762e55dc33d75d,part0031,Desconocido,en,text_game,135,1,0,new,,manual_review_language_category,medium
442,"C:\Users\New\Documents\Libros epub\Understanding Women A simple guide to conquering women. Understand female psychology, learn the art of courtship, and discover… (Alison Gottman) (z-library.sk, 1lib.sk, z-lib.sk).epub","Understanding Women A simple guide to conquering women. Understand female psychology, learn the art of courtship, and discover… (Alison Gottman) (z-library.sk, 1lib.sk, z-lib.sk).epub",.epub,0.173,e9adf818cf0dbc5f87a8efbfdb420b55,"Understanding Women: A simple guide to conquering women. Understand female psychology, learn the art of courtship, and discover how to use social and dating sites to find the woman of your life.",Alison Gottman,en,text_game,6700,47,1,duplicate,hash_md5 already exists in books_index.sqlite,skip,low
443,"C:\Users\New\Documents\Libros epub\Verdades sobre las Mujeres que Nadie Quiere que Sepas Lo que Nadie Nunca te ha Explicado Sobre las Mujeres para Mejorar tus… (Ferris Becker, Alexandro Mayer) (z-library.sk, 1lib.sk, z-lib.sk).epub","Verdades sobre las Mujeres que Nadie Quiere que Sepas Lo que Nadie Nunca te ha Explicado Sobre las Mujeres para Mejorar tus… (Ferris Becker, Alexandro Mayer) (z-library.sk, 1lib.sk, z-lib.sk).epub",.epub,0.421,d42f9c42d149128f8ccdc2b735fccd31,"Verdades sobre las Mujeres que Nadie Quiere que Sepas: Lo que Nadie Nunca te ha Explicado Sobre las Mujeres para Mejorar tus Resultados en el Mundo de la Atracción. 2 Libros en 1 - Psicología Femenina para Hombres, Cómo ser un Maestro Seductor",Ferris Becker,es,psicologia_femenina,8802,32,2,duplicate,hash_md5 already exists in books_index.sqlite,skip,low
444,"C:\Users\New\Documents\Libros epub\What Women Want (Tucker Max) (z-library.sk, 1lib.sk, z-lib.sk).epub","What Women Want (Tucker Max) (z-library.sk, 1lib.sk, z-lib.sk).epub",.epub,0.563,b678e062dc6bee64475f397ebc0aa917,What Women Want,Tucker Max,en,text_game,9004,12,1,new,,translate_to_latam_then_ingest_then_qa,high
445,"C:\Users\New\Documents\Libros epub\Womanese 101 - How to Talk and Flirt with Women, Make Girls Addicted to Being with You (Cory Smith) (z-library.sk, 1lib.sk, z-lib.sk).epub","Womanese 101 - How to Talk and Flirt with Women, Make Girls Addicted to Being with You (Cory Smith) (z-library.sk, 1lib.sk, z-lib.sk).epub",.epub,0.988,a6719fdca8ca829af57b6d2663e4684a,"Womanese 101: How to Talk and Flirt with Women, Make Girls Addicted to Being with You","Smith, Cory",en,psicologia_femenina,8987,65,9,new,,translate_to_latam_then_ingest_then_qa,high
